Tipo de actividad,Fecha,Favorito,Título,Distancia,Calorías,Tiempo,Frecuencia cardiaca media,FC máxima,TE aeróbico,Cadencia media de pedaleo,Cadencia de pedaleo máxima,Velocidad media,Velocidad máxima,Ascenso total,Descenso total,Longitud media de zancada,Relación vertical media,Oscilación vertical media,Tiempo medio de contacto con el suelo,Equilibrio medio de tiempo de contacto con el suelo,Training Stress Score®,Paladas totales,Swolf medio,Velocidad media de palada,Pasos,Repeticiones totales,Series totales,Temperatura mínima,Descompresión,Mejor tiempo de vuelta,Número de vueltas,Temperatura máxima,Ritmo respiratorio medio,Ritmo mínimo de respiración,Ritmo máximo de respiración,Cambio en estrés,Inicio del periodo de estrés,Fin del periodo de estrés,Estrés medio,Estrés máximo,Tiempo en movimiento,Tiempo transcurrido,Altura mínima,Altura máxima
Entreno de fuerza,2026-10-04 16:00:17,false,"Fuerza","0.00","597","00:55:40","133","161","2.8","--","--","--","--","--","--","--","--","--","--","--","0.0","--","--","--","250","125","6","25.0","No","00:55:40","1","27.0","--","--","--","--","--","--","--","--","00:47:10","00:55:40","--","--"
Carrera,2026-10-04 07:42:22,false,"Vitacura - ICCUS 14K","15.06","1,137","01:21:46","156","170","4.4","157","168","5:26","4:47","96","133","1.17","10.2","12.2","270","50.8 % izquierda / 49.2 % derecha","0.0","--","--","--","12,724","--","--","16.0","No","00:00:18.3","16","26.0","--","--","--","--","--","--","--","--","01:21:08","01:24:11","668","757"
Carrera,2026-10-01 20:18:36,false,"Vitacura Carrera","5.09","375","00:28:20","140","158","3.0","154","162","5:34","5:05","31","26","1.16","10.9","12.8","279","50.4 % izquierda / 49.6 % derecha","0.0","--","--","--","4,326","--","--","22.0","No","00:00:31.5","6","26.0","--","--","--","--","--","--","--","--","00:28:12","00:29:01","679","697"
Carrera,2026-09-29 21:16:32,false,"Vitacura - La Vía 6x1000 R3","8.22","589","00:45:20","146","173","3.5","147","225","5:31","4:10","59","50","1.20","9.7","11.6","286","50.7 % izquierda / 49.3 % derecha","0.0","--","--","--","6,540","--","--","16.0","No","00:01:30","14","27.0","--","--","--","--","--","--","--","--","00:44:15","00:48:01","682","725"
Entreno de fuerza,2026-09-27 15:29:39,false,"Fuerza","0.00","554","00:59:00","125","160","2.7","--","--","--","--","--","--","--","--","--","--","--","0.0","--","--","--","220","110","6","25.0","No","00:59:00","1","28.0","--","--","--","--","--","--","--","--","00:44:32","00:59:00","--","--"
Carrera,2026-09-26 08:10:35,false,"Vitacura - ICCUS 14K","15.01","1,127","01:18:17","157","172","4.9","158","171","5:13","4:31","79","78","1.21","9.9","12.2","268","51.1 % izquierda / 48.9 % derecha","0.0","--","--","--","12,258","--","--","16.0","No","00:00:02.2","16","20.0","--","--","--","--","--","--","--","--","01:18:09","01:18:21","697","715"
Carrera,2026-09-26 07:52:37,false,"Vitacura Carrera","1.80","134","00:10:43","134","148","2.1","159","164","5:57","5:24","10","2","1.05","10.8","11.5","275","50.7 % izquierda / 49.3 % derecha","0.0","--","--","--","1,686","--","--","18.0","No","00:04:35.9","2","26.0","--","--","--","--","--","--","--","--","00:10:41","00:10:43","703","714"
Carrera,2026-09-24 19:10:14,false,"Las Condes - ICCUS 6K","6.31","461","00:33:34","148","159","3.4","156","203","5:19","4:23","63","20","1.20","10.4","12.6","270","50.8 % izquierda / 49.3 % derecha","0.0","--","--","--","5,186","--","--","19.0","No","00:01:37.8","7","27.0","--","--","--","--","--","--","--","--","00:33:08","00:35:52","656","716"
Carrera,2026-09-22 19:41:28,false,"Vitacura Carrera","7.85","639","00:46:43","158","184","4.0","139","219","5:57","4:12","55","88","1.16","8.6","10.2","291","51.1 % izquierda / 48.9 % derecha","0.0","--","--","--","6,390","--","--","22.0","No","00:00:01.9","19","24.0","--","--","--","--","--","--","--","--","00:44:19","00:46:43","645","675"
Carrera,2026-09-22 19:17:39,false,"Vitacura - LaVIA 3x2000","2.01","142","00:11:34","133","147","2.1","155","240","5:46","5:04","10","8","1.07","10.9","11.8","284","50.0 % izquierda / 50.0 % derecha","0.0","--","--","--","1,790","--","--","24.0","No","00:00:01.1","3","27.0","--","--","--","--","--","--","--","--","00:11:21","00:11:41","703","714"
Entreno de fuerza,2026-09-20 18:44:19,false,"Fuerza","0.00","518","00:53:35","125","160","2.6","--","--","--","--","--","--","--","--","--","--","--","0.0","--","--","--","180","90","6","24.0","No","00:53:35","1","27.0","--","--","--","--","--","--","--","--","00:43:58","00:54:35","--","--"
Carrera,2026-09-19 08:14:05,false,"Peñalolén Carrera","14.23","1,070","01:15:51","154","167","4.9","157","220","5:20","4:54","39","93","1.20","10.1","12.4","269","51.0 % izquierda / 49.0 % derecha","0.0","--","--","--","11,770","--","--","19.0","No","00:01:09.8","15","24.0","--","--","--","--","--","--","--","--","01:15:33","01:15:57","703","729"
Carrera,2026-09-17 19:18:28,false,"Vitacura Carrera","4.77","381","00:27:46","156","167","3.2","156","161","5:49","5:25","20","15","1.10","11.5","12.7","276","50.9 % izquierda / 49.1 % derecha","0.0","--","--","--","4,276","--","--","24.0","No","00:04:31.1","5","27.0","--","--","--","--","--","--","--","--","00:27:33","00:28:07","669","689"
Entreno de fuerza,2026-09-17 18:27:31,false,"Fuerza","0.00","398","00:44:05","123","160","2.2","--","--","--","--","--","--","--","--","--","--","--","0.0","--","--","--","186","93","8","26.0","No","00:44:05","1","28.0","--","--","--","--","--","--","--","--","00:33:18","00:44:05","--","--"
Carrera,2026-09-15 19:21:33,false,"Vitacura Carrera","9.94","756","00:53:53","156","178","4.2","156","167","5:25","4:27","130","129","1.18","10.2","12.3","272","50.6 % izquierda / 49.4 % derecha","0.0","--","--","--","8,290","--","--","22.0","No","00:04:52.6","10","28.0","--","--","--","--","--","--","--","--","00:53:25","01:08:28","698","768"
Carrera,2026-09-13 07:31:13,false,"Corrida Glorias del Ejército 2026","10.03","725","00:47:26","165","179","5.0","159","164","4:44","3:53","78","75","1.32","9.3","12.4","261","51.0 % izquierda / 49.0 % derecha","0.0","--","--","--","7,470","--","--","14.0","No","00:00:08.2","11","18.0","--","--","--","--","--","--","--","--","00:47:23","00:47:26","651","708"
Carrera,2026-09-12 07:49:57,false,"Vitacura - ICCUS 6k +4x200","9.46","747","00:57:53","149","165","3.8","149","226","6:07","4:24","41","98","1.10","10.4","11.7","282","50.7 % izquierda / 49.3 % derecha","0.0","--","--","--","8,388","--","--","14.0","No","00:00:53.8","19","24.0","--","--","--","--","--","--","--","--","00:53:53","01:08:48","685","709"
Carrera,2026-09-10 20:28:31,false,"Vitacura - ICCUS 7k","7.01","535","00:39:05","151","168","3.7","153","157","5:34","5:12","40","71","1.18","10.8","13.0","280","50.2 % izquierda / 49.8 % derecha","0.0","--","--","--","5,932","--","--","18.0","No","00:00:04.6","8","27.0","--","--","--","--","--","--","--","--","00:38:51","00:40:09","674","708"
Carrera,2026-09-08 19:25:08,false,"Vitacura Carrera","7.17","571","00:49:11","137","171","3.2","137","219","6:52","4:17","41","60","1.03","9.4","10.0","312","50.8 % izquierda / 49.2 % derecha","0.0","--","--","--","6,642","--","--","15.0","No","00:00:51.5","22","25.0","--","--","--","--","--","--","--","--","00:46:15","00:58:06","653","680"
Carrera,2026-09-03 19:50:00,false,"Vitacura Carrera","4.22","303","00:23:32","140","157","3.0","154","159","5:35","5:12","9","27","1.16","10.7","12.5","282","50.3 % izquierda / 49.7 % derecha","0.0","--","--","--","3,570","--","--","25.0","No","00:01:12.4","5","28.0","--","--","--","--","--","--","--","--","00:23:13","00:29:57","662","692"
Carrera,2026-08-30 07:31:45,false,"Las Condes Carrera","21.33","1,646","01:48:43","170","187","5.0","158","166","5:06","4:31","153","151","1.23","9.8","12.3","262","51.0 % izquierda / 49.0 % derecha","0.0","--","--","--","17,006","--","--","16.0","No","00:01:22.4","22","24.0","--","--","--","--","--","--","--","--","01:48:35","01:48:43","657","725"
Carrera,2026-08-25 19:50:24,false,"Vitacura - ICCUS SERIES 2x2000 2x1000","2.71","212","00:13:57","164","180","3.1","150","165","5:08","4:16","36","10","1.25","9.2","11.6","261","50.4 % izquierda / 49.6 % derecha","0.0","--","--","--","2,064","--","--","19.0","No","00:00:01.5","5","23.0","--","--","--","--","--","--","--","--","00:13:50","00:13:57","655","689"
Carrera,2026-08-25 19:28:53,false,"Vitacura Carrera","1.91","146","00:12:22","134","152","2.1","153","161","6:29","5:40","7","16","1.02","11.7","12.1","290","49.8 % izquierda / 50.2 % derecha","0.0","--","--","--","1,880","--","--","23.0","No","00:05:37.8","2","26.0","--","--","--","--","--","--","--","--","00:12:13","00:19:47","652","671"
Carrera,2026-08-23 10:20:10,false,"Vitacura Carrera","7.33","576","00:45:30","149","175","3.3","152","179","6:12","4:55","55","40","1.06","12.2","13.0","283","50.7 % izquierda / 49.3 % derecha","0.0","--","--","--","6,814","--","--","26.0","No","00:02:09.8","8","30.0","--","--","--","--","--","--","--","--","00:44:44","00:52:17","644","697"
Carrera,2026-08-22 09:24:42,false,"Vitacura - ICCUS 15K R1 R2","14.51","1,169","01:21:49","167","180","5.0","154","160","5:38","4:54","104","88","1.14","10.9","12.5","278","50.7 % izquierda / 49.3 % derecha","0.0","--","--","--","12,456","--","--","24.0","No","00:00:02.5","16","32.0","--","--","--","--","--","--","--","--","01:21:19","01:32:23","660","750"
Carrera,2026-08-15 08:22:46,false,"Vitacura - ICCUS 14K","14.41","1,104","01:18:57","157","174","4.8","158","166","5:29","4:38","82","89","1.15","10.3","12.0","282","51.0 % izquierda / 49.0 % derecha","0.0","--","--","--","12,346","--","--","15.0","No","00:01:00.1","16","23.0","--","--","--","--","--","--","--","--","01:18:45","01:24:02","626","700"
Carrera,2026-08-11 21:00:41,false,"Vitacura Carrera","7.46","534","00:36:58","153","178","4.0","157","166","4:57","4:16","38","32","1.28","9.7","12.5","273","50.6 % izquierda / 49.4 % derecha","0.0","--","--","--","5,748","--","--","14.0","No","00:02:08.9","8","24.0","--","--","--","--","--","--","--","--","00:36:17","00:40:41","663","694"
Carrera,2026-08-08 09:30:58,false,"Vitacura - ICCUS 3X5000","17.01","1,320","01:27:11","165","181","5.0","156","187","5:08","4:16","99","69","1.24","9.4","11.9","262","51.0 % izquierda / 49.0 % derecha","0.0","--","--","--","13,452","--","--","13.0","No","00:00:22.3","20","25.0","--","--","--","--","--","--","--","--","01:24:53","01:35:38","699","723"
Carrera,2026-08-01 08:39:14,false,"Vitacura - ICCUS 3X5000","15.22","1,166","01:16:07","167","181","5.0","156","192","5:00","4:12","97","79","1.28","9.2","12.0","263","51.0 % izquierda / 49.0 % derecha","0.0","--","--","--","11,770","--","--","13.0","No","00:00:04.3","19","20.0","--","--","--","--","--","--","--","--","01:13:25","01:16:15","697","727"
Carrera,2026-08-01 08:21:10,false,"Vitacura Carrera","1.77","134","00:10:28","141","151","2.1","160","167","5:55","5:34","6","10","1.05","10.7","11.5","268","49.9 % izquierda / 50.1 % derecha","0.0","--","--","--","1,664","--","--","22.0","No","00:04:37.9","2","24.0","--","--","--","--","--","--","--","--","00:10:26","00:10:28","685","694"
Carrera,2026-07-30 20:10:40,false,"Las Condes Carrera","4.03","318","00:22:58","154","168","3.1","153","159","5:42","5:14","57","--","1.14","11.4","13.0","281","50.6 % izquierda / 49.4 % derecha","0.0","--","--","--","3,486","--","--","16.0","No","00:00:10.0","5","26.0","--","--","--","--","--","--","--","--","00:22:27","00:24:45","636","695"
Carrera,2026-07-30 18:30:36,false,"Vitacura Carrera","4.69","335","00:25:27","142","163","3.0","153","163","5:26","4:55","7","34","1.20","11.0","13.2","282","50.4 % izquierda / 49.6 % derecha","0.0","--","--","--","3,852","--","--","18.0","No","00:03:41.9","5","27.0","--","--","--","--","--","--","--","--","00:24:34","00:29:21","650","693"
Entreno de fuerza,2026-07-26 10:19:55,false,"Fuerza","0.00","396","00:41:19","123","158","2.4","--","--","--","--","--","--","--","--","--","--","--","0.0","--","--","--","134","67","3","23.0","No","00:41:19","1","25.0","--","--","--","--","--","--","--","--","00:36:44","00:42:37","--","--"
Carrera,2026-07-25 08:45:44,false,"Vitacura Carrera","16.36","1,269","01:27:08","165","177","5.0","155","171","5:20","4:42","93","102","1.20","9.6","11.8","269","50.5 % izquierda / 49.5 % derecha","0.0","--","--","--","13,404","--","--","18.0","No","00:00:03.2","21","22.0","--","--","--","--","--","--","--","--","01:26:57","01:27:08","675","702"
Carrera,2026-07-25 08:25:36,false,"Vitacura Carrera","1.96","151","00:11:36","143","161","2.3","156","167","5:54","5:38","76","7","1.07","11.0","12.0","273","50.1 % izquierda / 49.9 % derecha","0.0","--","--","--","1,816","--","--","18.0","No","00:05:43.5","2","25.0","--","--","--","--","--","--","--","--","00:11:20","00:11:36","689","701"
Carrera,2026-07-18 09:23:48,false,"Vitacura Carrera","16.77","1,316","01:30:19","164","177","5.0","157","168","5:23","4:49","97","92","1.18","10.3","12.4","272","50.5 % izquierda / 49.5 % derecha","0.0","--","--","--","14,080","--","--","17.0","No","00:04:24.7","17","27.0","--","--","--","--","--","--","--","--","01:30:01","01:30:47","660","708"
Carrera,2026-07-16 08:57:14,false,"Vitacura Carrera","9.01","696","00:51:19","152","166","3.7","156","163","5:42","5:16","40","44","1.12","11.0","12.4","275","50.7 % izquierda / 49.3 % derecha","0.0","--","--","--","7,930","--","--","18.0","No","00:00:02.2","10","25.0","--","--","--","--","--","--","--","--","00:50:30","00:53:22","658","692"
Carrera,2026-07-14 20:26:30,false,"Vitacura Carrera","1.80","145","00:10:49","151","160","2.2","155","165","6:01","4:58","17","1","1.06","11.0","11.9","277","50.5 % izquierda / 49.5 % derecha","0.0","--","--","--","1,684","--","--","21.0","No","00:04:36.6","2","22.0","--","--","--","--","--","--","--","--","00:10:46","00:10:49","638","657"
Carrera,2026-07-14 19:48:56,false,"Vitacura Carrera","5.75","446","00:32:26","157","181","3.8","139","182","5:38","4:00","31","20","1.24","8.8","11.1","279","50.3 % izquierda / 49.7 % derecha","0.0","--","--","--","4,420","--","--","16.0","No","00:00:02.6","15","23.0","--","--","--","--","--","--","--","--","00:30:25","00:32:26","636","654"
Carrera,2026-07-14 19:23:59,false,"Vitacura Carrera","1.79","124","00:10:59","122","133","1.7","156","164","6:08","5:24","7","12","1.04","11.4","12.0","281","50.0 % izquierda / 50.0 % derecha","0.0","--","--","--","1,704","--","--","24.0","No","00:04:42.0","2","26.0","--","--","--","--","--","--","--","--","00:10:40","00:10:59","658","671"
Carrera,2026-07-09 19:23:33,false,"Vitacura Carrera","7.01","531","00:40:59","147","160","3.2","154","161","5:51","5:18","36","37","1.11","11.1","12.6","284","50.3 % izquierda / 49.8 % derecha","0.0","--","--","--","6,238","--","--","20.0","No","00:00:03.5","8","27.0","--","--","--","--","--","--","--","--","00:40:16","00:44:54","668","703"
Carrera,2026-07-07 19:51:33,false,"Vitacura Carrera","7.82","617","00:45:46","155","180","3.9","140","168","5:51","4:07","47","58","1.21","9.4","11.5","286","50.2 % izquierda / 49.8 % derecha","0.0","--","--","--","6,412","--","--","18.0","No","00:00:02.4","19","28.0","--","--","--","--","--","--","--","--","00:41:41","00:51:08","667","705"
Carrera,2026-07-04 10:33:11,false,"Vitacura Carrera","3.57","270","00:19:38","152","167","2.8","161","168","5:30","5:01","10","102","1.12","10.3","11.8","275","50.6 % izquierda / 49.4 % derecha","0.0","--","--","--","3,138","--","--","19.0","No","00:03:09.6","4","23.0","--","--","--","--","--","--","--","--","00:19:37","00:19:38","657","754"
Carrera,2026-07-04 09:07:03,false,"Vitacura - ICCUS 16K fondo","11.09","926","01:03:40","164","182","4.4","157","192","5:44","3:31","311","198","1.11","10.9","12.2","286","50.5 % izquierda / 49.5 % derecha","0.0","--","--","--","9,838","--","--","16.0","No","00:00:17.4","19","24.0","--","--","--","--","--","--","--","--","01:03:05","01:14:32","667","784"
Carrera,2026-07-02 19:25:23,false,"Vitacura - ICCUS 8K","8.02","606","00:45:19","146","159","3.5","154","161","5:39","5:12","49","37","1.14","10.9","12.6","281","50.0 % izquierda / 50.0 % derecha","0.0","--","--","--","6,908","--","--","15.0","No","00:00:04.7","9","25.0","--","--","--","--","--","--","--","--","00:44:43","00:47:19","657","700"
Carrera,2026-06-30 19:42:47,false,"Vitacura - ICCUS 2X2000+2X1000","9.09","696","00:49:24","158","176","4.1","155","169","5:26","4:09","88","30","1.18","10.0","11.8","273","50.4 % izquierda / 49.6 % derecha","0.0","--","--","--","7,544","--","--","12.0","No","00:00:01.2","13","21.0","--","--","--","--","--","--","--","--","00:49:00","01:00:17","624","684"
Carrera,2026-06-30 18:49:00,false,"Vitacura Carrera","3.70","257","00:21:31","131","142","2.2","157","162","5:49","5:11","2","37","1.08","10.7","11.8","278","49.8 % izquierda / 50.3 % derecha","0.0","--","--","--","3,352","--","--","22.0","No","00:00:03.0","5","26.0","--","--","--","--","--","--","--","--","00:21:04","00:44:19","650","691"
Caminar,2026-06-28 11:25:49,false,"Vitacura Caminar","1.75","149","00:28:44","100","114","0.6","76","110","16:28","6:23","23","25","0.79","--","--","--","--","0.0","--","--","--","2,296","--","--","24.0","No","00:03:26.5","2","28.0","--","--","--","--","--","--","--","--","00:23:12","00:28:44","692","711"
Carrera,2026-06-27 08:34:26,false,"Providencia Carrera","15.01","1,146","01:24:47","153","171","4.5","158","183","5:39","4:55","251","210","1.11","10.4","11.8","272","50.4 % izquierda / 49.6 % derecha","0.0","--","--","--","13,284","--","--","17.0","No","00:00:03.9","16","21.0","--","--","--","--","--","--","--","--","01:23:39","01:38:06","601","744"
Carrera,2026-06-25 18:52:53,false,"Vitacura - ICCUS 7K","7.13","534","00:40:19","146","162","3.4","155","190","5:40","4:50","41","27","1.14","10.8","12.4","282","50.4 % izquierda / 49.6 % derecha","0.0","--","--","--","6,196","--","--","16.0","No","00:00:43.7","8","24.0","--","--","--","--","--","--","--","--","00:39:35","00:42:54","664","699"
Carrera,2026-06-23 20:31:14,false,"Vitacura - ICCUS 2X2500+1X1000","7.97","647","00:43:42","164","184","4.3","151","183","5:29","4:05","60","46","1.20","9.4","11.5","274","50.7 % izquierda / 49.3 % derecha","0.0","--","--","--","6,560","--","--","12.0","No","00:00:00.7","12","18.0","--","--","--","--","--","--","--","--","00:41:16","00:51:41","637","660"
Carrera,2026-06-23 19:17:20,false,"Vitacura Carrera","1.76","128","00:10:04","142","156","2.1","158","195","5:44","5:02","1","25","1.09","10.9","12.0","273","49.8 % izquierda / 50.2 % derecha","0.0","--","--","--","1,586","--","--","22.0","No","00:04:05.0","2","25.0","--","--","--","--","--","--","--","--","00:09:45","00:11:04","651","670"
Carrera,2026-06-20 09:08:17,false,"Vitacura Carrera","15.57","1,193","01:21:04","164","176","5.0","160","170","5:12","4:31","189","186","1.20","9.7","11.8","265","50.5 % izquierda / 49.5 % derecha","0.0","--","--","--","12,890","--","--","16.0","No","00:03:04.2","16","23.0","--","--","--","--","--","--","--","--","01:20:38","01:25:54","625","771"
Carrera,2026-06-18 18:51:11,false,"Vitacura Carrera","9.19","712","00:51:46","156","182","4.2","146","192","5:38","4:09","69","71","1.20","10.2","12.2","271","50.5 % izquierda / 49.5 % derecha","0.0","--","--","--","7,426","--","--","16.0","No","00:00:03.8","17","23.0","--","--","--","--","--","--","--","--","00:49:31","00:55:13","660","720"
Carrera,2026-06-13 09:08:42,false,"Vitacura Carrera","15.37","1,216","01:27:02","161","176","4.9","157","169","5:40","4:51","308","304","1.12","10.7","12.2","272","50.5 % izquierda / 49.5 % derecha","0.0","--","--","--","13,538","--","--","20.0","No","00:02:25.8","16","25.0","--","--","--","--","--","--","--","--","01:26:41","01:33:17","663","823"
Carrera,2026-06-09 19:35:02,false,"Vitacura Carrera","6.04","479","00:33:19","161","178","3.7","147","250","5:31","4:38","63","62","1.24","10.0","12.5","275","50.7 % izquierda / 49.3 % derecha","0.0","--","--","--","4,860","--","--","14.0","No","00:00:06.0","9","19.0","--","--","--","--","--","--","--","--","00:30:36","00:37:18","650","691"
Carrera,2026-06-09 19:15:54,false,"Vitacura Carrera","1.04","79","00:06:34.4","135","153","2.0","156","164","6:20","5:51","10","2","0.98","11.3","11.4","286","50.8 % izquierda / 49.2 % derecha","0.0","--","--","--","1,010","--","--","20.0","No","00:00:14.3","2","24.0","--","--","--","--","--","--","--","--","00:06:20","00:07:09.1","667","677"
Carrera,2026-06-09 18:45:50,false,"Vitacura Carrera","1.97","138","00:11:25","132","148","2.1","159","165","5:48","5:06","--","20","1.07","10.8","11.9","283","50.4 % izquierda / 49.6 % derecha","0.0","--","--","--","1,788","--","--","23.0","No","00:05:25.2","2","26.0","--","--","--","--","--","--","--","--","00:11:02","00:13:30","667","691"
Carrera,2026-06-07 09:05:36,false,"Vitacura Carrera","14.11","1,113","01:22:00","159","176","4.5","157","167","5:49","5:04","183","184","1.09","11.0","12.2","274","50.4 % izquierda / 49.6 % derecha","0.0","--","--","--","12,708","--","--","17.0","No","00:02:41.0","16","26.0","--","--","--","--","--","--","--","--","01:21:10","01:33:05","626","786"
Carrera,2026-06-02 19:30:47,false,"Vitacura Carrera","5.17","417","00:31:29","152","178","3.4","144","240","6:06","4:00","48","37","1.14","10.9","11.9","270","50.9 % izquierda / 49.1 % derecha","0.0","--","--","--","4,436","--","--","17.0","No","00:00:03.0","15","22.0","--","--","--","--","--","--","--","--","00:27:47","00:39:34","655","676"
Carrera,2026-06-02 19:10:40,false,"Vitacura Carrera","1.97","147","00:11:49","136","159","2.2","155","162","5:59","1:34","11","9","1.08","11.0","12.2","282","50.5 % izquierda / 49.5 % derecha","0.0","--","--","--","1,818","--","--","21.0","No","00:05:38.0","2","23.0","--","--","--","--","--","--","--","--","00:11:34","00:13:25","666","677"
Carrera,2026-06-02 18:49:51,false,"Carrera","1.63","124","00:10:51","132","151","2.0","153","167","6:39","5:37","1","13","1.12","11.0","12.7","284","49.7 % izquierda / 50.3 % derecha","0.0","--","--","--","1,600","--","--","22.0","No","00:03:58.0","2","27.0","--","--","--","--","--","--","--","--","00:10:33","00:11:28","666","680"
Carrera,2026-05-31 08:50:01,false,"Vitacura Carrera","12.14","946","01:08:07","154","170","4.3","158","167","5:37","4:49","82","78","1.12","10.8","12.3","277","50.4 % izquierda / 49.6 % derecha","0.0","--","--","--","10,680","--","--","16.0","No","00:00:45.3","13","25.0","--","--","--","--","--","--","--","--","01:08:04","01:08:07","691","745"
Carrera,2026-05-26 19:41:31,false,"Vitacura - ICCUS 1200+4x400","5.74","469","00:37:31","150","179","3.5","134","234","6:32","2:15","52","36","1.13","9.2","9.8","299","50.4 % izquierda / 49.6 % derecha","0.0","--","--","--","4,860","--","--","16.0","No","00:00:00.7","23","23.0","--","--","--","--","--","--","--","--","00:31:29","00:46:47","655","702"
Carrera,2026-05-26 19:18:07,false,"Vitacura - ICCUS 1200+4x400","1.05","72","00:06:34.2","124","137","1.9","154","161","6:17","5:45","10","1","1.01","11.3","11.6","288","49.9 % izquierda / 50.1 % derecha","0.0","--","--","--","1,008","--","--","26.0","No","00:00:17.8","2","27.0","--","--","--","--","--","--","--","--","00:06:12","00:07:24.3","667","670"
Carrera,2026-05-24 09:13:30,false,"Machalí Carrera","14.05","1,113","01:21:28","157","181","4.7","155","174","5:48","3:41","135","148","1.11","10.8","12.1","282","50.0 % izquierda / 50.0 % derecha","0.0","--","--","--","12,490","--","--","14.0","No","00:01:13.7","19","25.0","--","--","--","--","--","--","--","--","01:21:17","01:24:32","583","651"
Carrera,2026-05-22 16:57:24,false,"Machalí Carrera","6.09","467","00:32:20","157","169","3.6","156","160","5:18","4:49","41","31","1.15","11.2","13.0","271","50.1 % izquierda / 49.9 % derecha","0.0","--","--","--","4,996","--","--","17.0","No","00:00:31.7","7","24.0","--","--","--","--","--","--","--","--","00:32:10","00:32:24","542","569"
Carrera,2026-05-19 19:59:31,false,"Vitacura Carrera","3.79","306","00:23:25","149","159","2.9","155","191","6:11","5:19","39","15","1.04","11.1","11.7","287","50.3 % izquierda / 49.7 % derecha","0.0","--","--","--","3,602","--","--","18.0","No","00:04:42.1","4","20.0","--","--","--","--","--","--","--","--","00:22:53","00:25:49","622","662"
Carrera,2026-05-19 19:49:42,false,"Vitacura Carrera","1.22","73","00:04:32.2","169","180","2.3","173","202","3:43","2:53","9","7","1.54","7.1","10.9","230","51.0 % izquierda / 49.0 % derecha","0.0","--","--","--","776","--","--","19.0","No","00:00:49.7","2","22.0","--","--","--","--","--","--","--","--","00:04:23.7","00:04:32.2","639","648"
Carrera,2026-05-19 19:23:40,false,"Vitacura Carrera","1.09","80","00:06:33.2","131","139","1.4","154","160","6:02","4:54","1","7","1.06","11.0","11.6","284","49.7 % izquierda / 50.3 % derecha","0.0","--","--","--","1,006","--","--","22.0","No","00:00:30.4","2","23.0","--","--","--","--","--","--","--","--","00:06:21","00:06:46.0","659","666"
Carrera,2026-05-19 18:53:46,false,"Vitacura Carrera","2.02","140","00:11:00","131","144","2.2","155","171","5:27","4:47","1","7","1.16","10.5","12.3","283","49.9 % izquierda / 50.1 % derecha","0.0","--","--","--","1,684","--","--","19.0","No","00:00:04.6","3","26.0","--","--","--","--","--","--","--","--","00:10:48","00:11:28","684","692"
Carrera,2026-05-17 10:33:51,false,"Vitacura Carrera","2.60","206","00:20:24","135","154","2.0","156","163","7:51","6:28","21","19","0.82","--","--","--","--","0.0","--","--","--","3,190","--","--","22.0","No","00:04:09.8","3","27.0","--","--","--","--","--","--","--","--","00:20:10","00:20:24","635","656"
Carrera,2026-05-16 09:21:22,false,"Vitacura - ICCUS 12K","11.95","942","01:07:04","158","170","4.3","157","162","5:37","5:04","68","56","1.13","10.7","12.3","273","50.3 % izquierda / 49.7 % derecha","0.0","--","--","--","10,394","--","--","19.0","No","00:05:24.7","12","26.0","--","--","--","--","--","--","--","--","01:06:44","01:08:30","690","722"
Carrera,2026-05-14 19:41:02,false,"Vitacura - ICCUS 6K","6.03","440","00:34:56","135","149","3.0","152","159","5:47","5:21","41","28","1.12","11.5","13.0","283","50.5 % izquierda / 49.5 % derecha","0.0","--","--","--","5,294","--","--","18.0","No","00:00:09.0","7","26.0","--","--","--","--","--","--","--","--","00:34:25","00:36:49","665","704"
Carrera,2026-05-09 08:47:25,false,"Vitacura - ICCUS 10K","11.24","857","01:03:56","148","167","3.8","158","167","5:41","4:38","96","79","1.11","--","--","--","--","0.0","--","--","--","10,106","--","--","20.0","No","00:03:39.3","12","24.0","--","--","--","--","--","--","--","--","01:03:44","01:07:27","654","717"
Carrera,2026-05-05 19:40:58,false,"Vitacura Carrera","5.27","419","00:30:42","150","183","3.3","142","219","5:50","3:50","52","31","1.21","--","--","--","--","0.0","--","--","--","4,380","--","--","18.0","No","00:00:46.4","7","23.0","--","--","--","--","--","--","--","--","00:28:50","00:38:17","633","671"
Carrera,2026-05-02 10:00:51,false,"Machalí Carrera","5.01","389","00:29:26","147","161","3.0","157","166","5:52","5:25","32","33","1.09","11.3","12.5","269","50.1 % izquierda / 49.9 % derecha","0.0","--","--","--","4,574","--","--","20.0","No","00:00:04.4","6","24.0","--","--","--","--","--","--","--","--","00:29:20","00:29:36","582","614"
Carrera,2026-04-28 19:38:13,false,"Vitacura Carrera","5.42","408","00:35:24","130","142","2.4","159","166","6:32","4:45","36","26","0.96","10.8","10.5","281","50.2 % izquierda / 49.8 % derecha","0.0","--","--","--","5,592","--","--","21.0","No","00:02:44.6","6","25.0","--","--","--","--","--","--","--","--","00:35:06","00:38:25","664","699"
Carrera,2026-04-26 07:42:07,false,"Maratón De Santiago 2026","42.36","3,158","03:34:04","163","177","5.0","159","169","5:03","4:31","169","174","1.25","9.9","12.7","264","50.6 % izquierda / 49.4 % derecha","0.0","--","--","--","33,672","--","--","14.0","No","00:01:39.9","43","23.0","--","--","--","--","--","--","--","--","03:33:50","03:34:04","540","669"
Carrera,2026-04-25 08:38:08,false,"Vitacura Carrera","4.01","308","00:23:39","142","159","2.6","156","160","5:54","5:22","29","15","1.08","11.6","12.7","274","50.2 % izquierda / 49.8 % derecha","0.0","--","--","--","3,662","--","--","17.0","No","00:00:03.8","5","25.0","--","--","--","--","--","--","--","--","00:23:30","00:23:53","678","708"
Carrera,2026-04-24 19:43:02,false,"Vitacura - ICCUS 5K recovery","5.03","370","00:28:22","138","156","2.8","153","227","5:38","4:58","25","14","1.15","11.3","13.2","276","49.6 % izquierda / 50.4 % derecha","0.0","--","--","--","4,316","--","--","16.0","No","00:00:10.2","6","24.0","--","--","--","--","--","--","--","--","00:28:07","00:29:42","678","703"
Carrera,2026-04-23 17:24:55,false,"Vitacura - ICCUS 7K","7.31","563","00:41:36","149","164","3.3","154","159","5:41","1:29","33","56","1.14","11.2","13.0","279","50.2 % izquierda / 49.8 % derecha","0.0","--","--","--","6,336","--","--","23.0","No","00:01:58.0","8","28.0","--","--","--","--","--","--","--","--","00:41:04","00:43:12","664","694"
Carrera,2026-04-21 19:35:47,false,"Vitacura - ICCUS 4X400+2500+1000","6.74","490","00:38:00","140","162","3.1","149","163","5:38","4:32","58","40","1.16","10.2","12.0","274","50.1 % izquierda / 49.9 % derecha","0.0","--","--","--","5,600","--","--","18.0","No","00:00:01.0","16","22.0","--","--","--","--","--","--","--","--","00:37:40","00:50:40","653","690"
Carrera,2026-04-21 19:17:03,false,"Vitacura Carrera","1.00","68","00:05:41.0","128","141","1.2","152","161","5:42","5:14","23","4","1.10","11.0","12.3","274","49.8 % izquierda / 50.2 % derecha","0.0","--","--","--","880","--","--","21.0","No","00:05:41.0","1","23.0","--","--","--","--","--","--","--","--","00:05:08","00:06:16.9","683","690"
Carrera,2026-04-21 18:47:34,false,"Vitacura Carrera","2.17","149","00:11:37","130","139","2.1","155","159","5:21","4:50","2","29","1.19","11.0","13.3","277","49.6 % izquierda / 50.4 % derecha","0.0","--","--","--","1,784","--","--","21.0","No","00:00:57.9","3","26.0","--","--","--","--","--","--","--","--","00:11:31","00:11:37","680","691"
Carrera,2026-04-18 08:07:13,false,"Vitacura - ICCUS 16K fondo","18.01","1,336","01:36:24","151","167","4.2","159","188","5:21","4:31","118","101","1.17","10.4","12.4","265","50.9 % izquierda / 49.1 % derecha","0.0","--","--","--","15,248","--","--","20.0","No","00:00:02.8","19","26.0","--","--","--","--","--","--","--","--","01:35:56","01:55:03","651","681"
Carrera,2026-04-16 19:45:54,false,"Vitacura - ICCUS 1X2000+1X3000+1X1000","8.47","642","00:46:37","153","175","3.7","151","202","5:30","4:02","66","65","1.18","10.3","12.0","294","50.6 % izquierda / 49.4 % derecha","0.0","--","--","--","6,938","--","--","21.0","No","00:00:53.7","12","27.0","--","--","--","--","--","--","--","--","00:46:13","00:47:30","677","744"
Carrera,2026-04-14 20:15:26,false,"Vitacura Carrera","1.25","98","00:07:25.5","142","149","1.8","155","167","5:56","4:35","12","14","1.09","10.6","11.8","274","50.7 % izquierda / 49.3 % derecha","0.0","--","--","--","1,158","--","--","18.0","No","00:01:24.4","2","20.0","--","--","--","--","--","--","--","--","00:07:15","00:07:25.5","656","669"
Carrera,2026-04-14 19:17:54,false,"Vitacura - ICCUS 4x1200","6.51","465","00:35:11","145","176","3.4","148","176","5:24","3:30","61","42","1.20","9.6","11.2","270","50.6 % izquierda / 49.4 % derecha","0.0","--","--","--","5,154","--","--","16.0","No","00:00:42.3","14","25.0","--","--","--","--","--","--","--","--","00:34:02","00:48:40","654","693"
Carrera,2026-04-13 19:21:14,false,"Vitacura - ICCUS 6K recovery","5.49","398","00:31:47","136","151","2.8","153","180","5:47","5:17","14","22","1.12","11.4","12.9","282","49.9 % izquierda / 50.1 % derecha","0.0","--","--","--","4,820","--","--","22.0","No","00:02:45.5","6","29.0","--","--","--","--","--","--","--","--","00:31:24","00:33:34","670","693"
Carrera,2026-04-12 08:54:35,false,"Vitacura - ICCUS 18+3K","19.64","1,460","01:43:07","154","169","4.7","158","172","5:15","4:40","119","115","1.21","10.2","12.5","269","50.8 % izquierda / 49.2 % derecha","0.0","--","--","--","16,092","--","--","21.0","No","00:03:09.2","20","27.0","--","--","--","--","--","--","--","--","01:43:02","01:43:07","687","732"
Carrera,2026-04-11 10:08:32,false,"Vitacura Carrera","4.26","312","00:36:49","121","139","1.5","139","165","8:39","5:37","24","38","0.83","--","--","--","--","0.0","--","--","--","5,232","--","--","23.0","No","00:02:03.8","5","30.0","--","--","--","--","--","--","--","--","00:36:16","00:36:49","686","703"
Carrera,2026-04-10 20:06:07,false,"Vitacura Carrera","2.16","164","00:13:27","134","142","2.1","153","162","6:13","5:47","33","--","1.04","12.0","12.6","283","49.8 % izquierda / 50.2 % derecha","0.0","--","--","--","2,038","--","--","19.0","No","00:00:57.8","3","27.0","--","--","--","--","--","--","--","--","00:13:13","00:14:03","670","704"
Carrera,2026-04-10 18:42:37,false,"Vitacura Carrera","2.00","142","00:11:25","132","142","2.0","156","161","5:43","5:13","2","10","1.10","11.3","12.7","276","50.0 % izquierda / 50.0 % derecha","0.0","--","--","--","1,764","--","--","20.0","No","00:05:25.1","2","27.0","--","--","--","--","--","--","--","--","00:11:25","00:11:25","683","694"
Carrera,2026-04-09 18:49:56,false,"Vitacura - ICCUS 8K","7.68","576","00:43:48","143","158","3.2","153","159","5:42","4:56","34","56","1.15","11.1","13.0","282","50.2 % izquierda / 49.8 % derecha","0.0","--","--","--","6,648","--","--","22.0","No","00:04:09.6","8","28.0","--","--","--","--","--","--","--","--","00:43:06","00:47:55","663","692"
Carrera,2026-04-07 19:08:32,false,"Vitacura - ICCUS 5x400+3000+2000","8.15","600","00:42:23","154","173","3.7","150","168","5:12","3:57","75","38","1.25","9.5","11.9","274","50.5 % izquierda / 49.5 % derecha","0.0","--","--","--","6,240","--","--","22.0","No","00:00:02.2","18","26.0","--","--","--","--","--","--","--","--","00:42:04","00:43:41","672","743"
Carrera,2026-04-07 18:47:45,false,"Vitacura Carrera","2.30","161","00:13:32","126","139","1.9","154","160","5:53","5:24","2","12","1.09","11.4","12.5","283","49.8 % izquierda / 50.2 % derecha","0.0","--","--","--","2,060","--","--","25.0","No","00:01:44.0","3","29.0","--","--","--","--","--","--","--","--","00:13:23","00:18:32","671","691"
Carrera,2026-04-06 21:06:19,false,"Vitacura Carrera","2.24","176","00:13:53","137","143","2.1","152","198","6:12","4:23","42","--","1.06","--","--","--","--","0.0","--","--","--","2,106","--","--","22.0","No","00:01:32.9","3","28.0","--","--","--","--","--","--","--","--","00:13:45","00:14:03","670","713"
Carrera,2026-04-06 19:38:37,false,"Vitacura - ICCUS 25min RG","2.05","143","00:12:25","122","132","1.9","149","158","6:03","5:22","--","13","1.11","--","--","--","--","0.0","--","--","--","1,872","--","--","24.0","No","00:00:18.2","3","29.0","--","--","--","--","--","--","--","--","00:12:05","00:13:18","565","578"
Carrera,2026-04-04 07:53:45,false,"Machalí - ICCUS 28k","27.72","2,017","02:27:56","152","165","5.0","157","167","5:20","4:42","114","101","1.19","10.2","12.4","271","50.4 % izquierda / 49.6 % derecha","0.0","--","--","--","23,074","--","--","14.0","No","00:00:02.0","33","30.0","--","--","--","--","--","--","--","--","02:27:25","02:33:29","508","600"
Carrera,2026-04-04 07:45:10,false,"Machalí - ICCUS 28k","1.11","79","00:06:25.4","131","141","1.3","154","163","5:46","5:17","--","12","1.14","10.1","11.8","265","50.1 % izquierda / 49.9 % derecha","0.0","--","--","--","960","--","--","22.0","No","00:00:23.7","3","24.0","--","--","--","--","--","--","--","--","00:06:20.7","00:06:26.2","588","601"
Carrera,2026-04-03 11:39:08,false,"Machalí - ICCUS 6K recovery","6.06","459","00:35:04","142","156","3.0","154","164","5:47","5:01","42","36","1.12","11.1","12.6","274","50.3 % izquierda / 49.7 % derecha","0.0","--","--","--","5,414","--","--","24.0","No","00:00:21.3","7","30.0","--","--","--","--","--","--","--","--","00:34:57","00:35:04","577","617"
Carrera,2026-04-02 18:35:16,false,"Vitacura - ICCUS 5X400+3000+1000","7.98","600","00:43:53","150","172","3.5","149","213","5:30","3:47","43","34","1.20","10.1","12.1","297","50.6 % izquierda / 49.4 % derecha","0.0","--","--","--","6,428","--","--","26.0","No","00:01:00","15","31.0","--","--","--","--","--","--","--","--","00:42:56","00:48:19","672","699"
Carrera,2026-03-31 20:18:34,false,"Vitacura Carrera","0.57","43","00:04:06.6","130","140","0.5","155","160","7:14","6:59","9","--","0.86","12.7","11.0","299","50.5 % izquierda / 49.5 % derecha","0.0","--","--","--","624","--","--","27.0","No","00:04:06.6","1","28.0","--","--","--","--","--","--","--","--","00:04:06","00:04:06.6","663","672"
Carrera,2026-03-31 19:59:00,false,"Vitacura Carrera","1.55","118","00:08:40.9","146","156","2.1","157","162","5:37","4:54","9","1","1.13","10.6","12.0","278","50.8 % izquierda / 49.2 % derecha","0.0","--","--","--","1,348","--","--","26.0","No","00:03:09.4","2","29.0","--","--","--","--","--","--","--","--","00:08:39","00:08:40.9","663","673"
Carrera,2026-03-31 19:35:53,false,"Vitacura Carrera","3.06","242","00:18:43","146","173","2.6","137","171","6:06","3:47","25","22","1.14","8.8","9.9","264","50.6 % izquierda / 49.4 % derecha","0.0","--","--","--","2,494","--","--","26.0","No","00:00:59.5","12","28.0","--","--","--","--","--","--","--","--","00:18:36","00:18:43","664","690"
Carrera,2026-03-31 19:19:52,false,"Vitacura Carrera","0.67","47","00:04:14.5","120","131","0.9","152","159","6:22","5:03","1","2","1.02","11.2","11.3","293","49.4 % izquierda / 50.6 % derecha","0.0","--","--","--","640","--","--","29.0","No","00:04:14.5","1","30.0","--","--","--","--","--","--","--","--","00:04:06","00:04:18.7","667","670"
Carrera,2026-03-29 07:31:01,true,"Medio Maratón de Viña del Mar 2026","21.09","1,500","01:38:11","163","176","5.0","162","170","4:39","3:48","82","79","1.33","8.9","12.2","255","50.8 % izquierda / 49.2 % derecha","0.0","--","--","--","15,726","--","--","15.0","No","00:00:20.3","22","20.0","--","--","--","--","--","--","--","--","01:38:04","01:38:11","6","23"
Carrera,2026-03-29 07:03:45,false,"Viña del Mar Carrera","2.51","201","00:15:32","141","156","2.3","157","165","6:11","5:15","9","16","1.04","11.2","11.6","272","49.8 % izquierda / 50.2 % derecha","0.0","--","--","--","2,426","--","--","16.0","No","00:03:51.8","3","20.0","--","--","--","--","--","--","--","--","00:15:23","00:15:32","15","20"
Carrera,2026-03-28 09:04:35,false,"Viña del Mar Carrera","5.16","389","00:29:30","142","157","3.0","156","161","5:43","5:22","29","23","1.12","10.9","12.5","274","50.2 % izquierda / 49.8 % derecha","0.0","--","--","--","4,570","--","--","17.0","No","00:00:52.3","6","23.0","--","--","--","--","--","--","--","--","00:29:22","00:29:30","6","22"
Carrera,2026-03-27 08:08:02,false,"Vitacura - ICCUS 30min RG","4.86","359","00:28:14","138","153","2.7","154","161","5:48","5:25","45","45","1.11","11.5","13.0","283","50.1 % izquierda / 49.9 % derecha","0.0","--","--","--","4,310","--","--","17.0","No","00:04:47.2","5","23.0","--","--","--","--","--","--","--","--","00:28:10","00:28:14","671","715"
Carrera,2026-03-26 08:33:31,false,"Vitacura - ICCUS 2K + 5K","7.00","528","00:39:14","147","158","3.2","158","166","5:36","5:04","58","65","1.13","10.8","12.5","271","50.8 % izquierda / 49.2 % derecha","0.0","--","--","--","6,128","--","--","18.0","No","00:00:00.9","8","22.0","--","--","--","--","--","--","--","--","00:39:02","00:39:14","665","730"
Carrera,2026-03-24 20:01:59,false,"Vitacura Carrera","1.63","126","00:09:24.3","150","163","2.1","158","164","5:47","4:58","14","5","1.08","10.4","11.5","281","50.7 % izquierda / 49.3 % derecha","0.0","--","--","--","1,470","--","--","24.0","No","00:03:46.5","2","26.0","--","--","--","--","--","--","--","--","00:09:06.5","00:18:48","660","673"
Carrera,2026-03-24 19:59:51,false,"Vitacura - ICCUS 2x3000","6.07","457","00:29:38","167","179","3.8","155","167","4:53","4:12","43","43","1.33","8.9","12.1","270","50.9 % izquierda / 49.1 % derecha","0.0","--","--","--","4,512","--","--","22.0","No","00:00:00.8","9","25.0","--","--","--","--","--","--","--","--","00:29:23","00:29:38","646","691"
Carrera,2026-03-24 19:16:04,false,"Vitacura Carrera","0.58","44","00:03:45.0","132","145","0.7","150","159","6:27","5:32","2","4","1.04","11.3","11.9","287","49.9 % izquierda / 50.1 % derecha","0.0","--","--","--","566","--","--","26.0","No","00:03:45.0","1","26.0","--","--","--","--","--","--","--","--","00:03:28","00:04:17.3","665","669"
Carrera,2026-03-24 18:49:25,false,"Vitacura Carrera","2.08","149","00:11:41","136","150","2.1","155","160","5:36","5:04","2","13","1.14","11.1","12.6","285","50.3 % izquierda / 49.7 % derecha","0.0","--","--","--","1,774","--","--","25.0","No","00:00:28.4","3","29.0","--","--","--","--","--","--","--","--","00:11:40","00:12:24","676","691"
Carrera,2026-03-22 09:27:11,false,"Vitacura - ICCUS 35min RG","5.17","389","00:30:18","140","152","2.8","157","163","5:52","5:24","18","20","1.08","11.0","12.1","274","50.1 % izquierda / 49.9 % derecha","0.0","--","--","--","4,816","--","--","19.0","No","00:00:58.1","6","27.0","--","--","--","--","--","--","--","--","00:30:08","00:30:32","678","694"
Carrera,2026-03-21 08:21:28,false,"Vitacura - ICCUS 14K R1 R2","16.63","1,246","01:27:55","157","172","5.0","160","169","5:17","4:41","106","110","1.18","9.9","11.9","266","51.0 % izquierda / 49.0 % derecha","0.0","--","--","--","13,916","--","--","19.0","No","00:00:02.1","18","26.0","--","--","--","--","--","--","--","--","01:27:50","01:28:02","667","714"
Carrera,2026-03-19 08:42:09,false,"Vitacura - ICCUS 2k+6k","8.01","610","00:45:21","150","164","3.3","154","161","5:40","4:18","72","75","1.14","11.0","12.8","276","50.3 % izquierda / 49.7 % derecha","0.0","--","--","--","6,940","--","--","19.0","No","00:00:03.3","9","26.0","--","--","--","--","--","--","--","--","00:45:13","00:45:21","672","742"
Carrera,2026-03-17 20:20:20,false,"Vitacura Carrera","2.19","176","00:13:30","150","160","2.3","154","163","6:11","4:50","30","1","1.03","11.1","11.3","288","50.0 % izquierda / 50.0 % derecha","0.0","--","--","--","2,060","--","--","25.0","No","00:01:05.8","3","28.0","--","--","--","--","--","--","--","--","00:13:22","00:17:40","661","686"
Carrera,2026-03-17 19:34:09,false,"Vitacura - ICCUS 3x2000","6.32","489","00:31:41","168","180","3.9","154","167","5:00","4:18","50","43","1.28","8.9","11.6","272","51.1 % izquierda / 48.9 % derecha","0.0","--","--","--","4,806","--","--","25.0","No","00:00:01.2","9","27.0","--","--","--","--","--","--","--","--","00:31:37","00:32:21","653","683"
Carrera,2026-03-17 19:15:15,false,"Vitacura Carrera","0.58","42","00:03:50.0","124","143","0.7","152","207","6:40","3:58","3","2","0.99","11.8","11.9","290","49.1 % izquierda / 50.9 % derecha","0.0","--","--","--","582","--","--","28.0","No","00:03:50.0","1","29.0","--","--","--","--","--","--","--","--","00:03:42","00:05:20.4","665","670"
Carrera,2026-03-17 18:46:19,false,"Vitacura Carrera","2.12","154","00:11:52","136","151","2.2","155","160","5:36","5:01","2","14","1.14","11.0","12.6","279","49.9 % izquierda / 50.1 % derecha","0.0","--","--","--","1,822","--","--","27.0","No","00:00:37.6","3","30.0","--","--","--","--","--","--","--","--","00:11:45","00:12:25","678","691"
Carrera,2026-03-14 07:56:48,false,"Vitacura - ICCUS 20K","20.90","1,522","01:50:53","151","165","4.7","161","174","5:18","4:40","115","107","1.17","9.8","11.7","264","50.9 % izquierda / 49.1 % derecha","0.0","--","--","--","17,652","--","--","19.0","No","00:00:06.1","22","26.0","--","--","--","--","--","--","--","--","01:50:28","02:00:01","648","709"
Carrera,2026-03-13 08:36:35,false,"Vitacura - ICCUS 35min RG","5.98","450","00:35:03","143","155","2.9","155","163","5:51","5:23","52","45","1.10","11.2","12.4","280","50.2 % izquierda / 49.8 % derecha","0.0","--","--","--","5,368","--","--","22.0","No","00:00:02.9","7","27.0","--","--","--","--","--","--","--","--","00:34:48","00:35:13","672","722"
Carrera,2026-03-12 08:33:45,false,"Vitacura - ICCUS 3K + 6K","9.01","679","00:50:28","149","160","3.5","155","159","5:36","5:03","80","79","1.14","11.0","12.8","278","50.3 % izquierda / 49.7 % derecha","0.0","--","--","--","7,718","--","--","22.0","No","00:00:02.5","10","28.0","--","--","--","--","--","--","--","--","00:50:11","00:50:28","672","751"
Carrera,2026-03-10 08:47:17,false,"Vitacura - ICCUS 1x2500 + 4x1200","9.49","721","00:51:24","156","177","4.0","153","209","5:25","4:09","68","70","1.19","10.1","12.1","269","50.3 % izquierda / 49.7 % derecha","0.0","--","--","--","7,722","--","--","23.0","No","00:00:20.8","18","26.0","--","--","--","--","--","--","--","--","00:51:03","00:53:06","650","715"
Entreno de fuerza,2026-03-08 17:47:18,false,"Fuerza","0.00","341","00:52:35","106","141","1.1","--","--","--","--","--","--","--","--","--","--","--","0.0","--","--","--","510","255","12","28.0","No","00:52:35","1","33.0","--","--","--","--","--","--","--","--","00:31:30","00:58:21","--","--"
Carrera,2026-03-07 07:54:18,false,"Vitacura - ICCUS 18K","21.32","1,554","01:53:11","154","167","4.9","157","229","5:19","4:45","142","174","1.20","10.2","12.4","270","50.8 % izquierda / 49.2 % derecha","0.0","--","--","--","17,580","--","--","19.0","No","00:00:00.7","23","25.0","--","--","--","--","--","--","--","--","01:52:55","01:54:29","625","738"
Carrera,2026-03-06 09:19:04,false,"Vitacura - ICCUS 35min RG","5.95","451","00:35:09","143","155","3.0","154","158","5:54","5:19","42","32","1.09","11.7","13.0","280","50.3 % izquierda / 49.7 % derecha","0.0","--","--","--","5,364","--","--","24.0","No","00:00:09.2","7","29.0","--","--","--","--","--","--","--","--","00:35:02","00:36:04","691","735"
Carrera,2026-03-05 09:16:08,false,"Vitacura - ICCUS 2k+6k","8.01","604","00:45:12","148","164","3.4","156","163","5:39","5:05","42","28","1.14","10.9","12.7","272","50.5 % izquierda / 49.5 % derecha","0.0","--","--","--","6,956","--","--","25.0","No","00:00:01.0","10","29.0","--","--","--","--","--","--","--","--","00:44:13","00:49:40","661","692"
Carrera,2026-03-03 20:43:16,false,"Vitacura Carrera","0.56","46","00:03:35.6","146","157","1.1","152","164","6:25","5:28","19","--","0.99","11.3","11.4","280","49.7 % izquierda / 50.3 % derecha","0.0","--","--","--","562","--","--","29.0","No","00:03:35.6","1","30.0","--","--","--","--","--","--","--","--","00:03:19","00:03:35.6","664","672"
Carrera,2026-03-03 19:43:38,false,"Vitacura - ICCUS 1x2600 + 4x1000","7.89","600","00:41:02","161","176","3.9","156","166","5:12","4:26","56","80","1.23","9.9","12.3","277","50.5 % izquierda / 49.5 % derecha","0.0","--","--","--","6,290","--","--","27.0","No","00:00:01.1","13","29.0","--","--","--","--","--","--","--","--","00:40:58","00:41:21","640","682"
Carrera,2026-03-03 19:32:24,false,"Vitacura Carrera","0.36","27","00:02:09.8","137","145","0.6","156","158","6:01","5:48","2","1","1.04","11.6","12.3","279","49.7 % izquierda / 50.3 % derecha","0.0","--","--","--","334","--","--","30.0","No","00:02:09.8","1","30.0","--","--","--","--","--","--","--","--","00:02:09.8","00:02:09.8","683","686"
Carrera,2026-03-03 19:20:32,false,"Vitacura Carrera","1.04","77","00:06:02.2","139","147","1.5","155","160","5:48","5:44","2","--","1.07","10.9","12.0","280","50.0 % izquierda / 50.0 % derecha","0.0","--","--","--","930","--","--","28.0","No","00:00:15.3","2","29.0","--","--","--","--","--","--","--","--","00:02:54","00:06:02.2","669","675"
Carrera,2026-03-03 18:51:32,false,"Vitacura Carrera","2.05","148","00:11:25","140","153","2.2","157","164","5:35","5:05","2","15","1.12","10.7","12.1","277","49.4 % izquierda / 50.6 % derecha","0.0","--","--","--","1,762","--","--","30.0","No","00:00:13.6","3","32.0","--","--","--","--","--","--","--","--","00:11:21","00:12:18","676","691"
Carrera,2026-03-01 08:42:15,false,"Vitacura - ICCUS 15K R1 R2","16.35","1,195","01:26:45","151","163","4.4","157","179","5:18","4:44","72","67","1.20","10.5","12.8","270","50.6 % izquierda / 49.4 % derecha","0.0","--","--","--","13,456","--","--","24.0","No","00:03:06.7","17","30.0","--","--","--","--","--","--","--","--","01:26:07","01:29:27","638","696"
Carrera,2026-02-28 09:04:34,false,"Vitacura Carrera","6.28","471","00:36:30","143","167","3.0","156","170","5:49","3:54","33","28","1.09","11.4","12.5","274","49.9 % izquierda / 50.1 % derecha","0.0","--","--","--","5,578","--","--","24.0","No","00:00:40.9","13","28.0","--","--","--","--","--","--","--","--","00:36:12","00:54:14","658","690"
Carrera,2026-02-26 19:09:05,false,"Vitacura - ICCUS 45min R1 R2","9.06","694","00:51:58","149","162","3.5","154","163","5:44","5:23","34","29","1.13","11.3","12.9","279","50.4 % izquierda / 49.6 % derecha","0.0","--","--","--","7,888","--","--","28.0","No","00:01:17.7","11","32.0","--","--","--","--","--","--","--","--","00:51:27","00:54:09","662","692"
Carrera,2026-02-25 18:31:48,false,"Vitacura Carrera","2.05","166","00:12:24","151","165","2.3","153","159","6:03","5:37","35","--","1.08","--","--","--","--","0.0","--","--","--","1,902","--","--","29.0","No","00:00:16.8","3","30.0","--","--","--","--","--","--","--","--","00:12:14","00:12:24","670","694"
Carrera,2026-02-25 16:49:51,false,"Vitacura Carrera","1.72","128","00:09:26.5","151","161","2.1","154","159","5:30","5:09","1","36","1.18","--","--","--","--","0.0","--","--","--","1,458","--","--","32.0","No","00:03:58.1","2","33.0","--","--","--","--","--","--","--","--","00:09:21","00:09:26.5","658","675"
Carrera,2026-02-24 19:52:02,false,"Vitacura - ICCUS 1X3000 & 4X1000","7.93","608","00:41:32","162","176","3.9","157","168","5:14","4:25","56","58","1.21","9.7","11.9","269","50.9 % izquierda / 49.1 % derecha","0.0","--","--","--","6,422","--","--","28.0","No","00:00:00.8","12","29.0","--","--","--","--","--","--","--","--","00:41:21","00:41:32","643","686"
Carrera,2026-02-24 19:17:43,false,"Vitacura Carrera","1.01","75","00:05:54.4","139","152","1.5","156","161","5:51","5:24","2","--","1.09","10.8","11.9","279","50.0 % izquierda / 50.0 % derecha","0.0","--","--","--","914","--","--","30.0","No","00:00:03.7","2","31.0","--","--","--","--","--","--","--","--","00:05:45","00:06:22.8","670","673"
Carrera,2026-02-24 18:54:35,false,"Vitacura Carrera","2.17","159","00:12:07","142","153","2.2","157","163","5:35","5:05","2","17","1.14","10.8","12.4","272","50.0 % izquierda / 50.0 % derecha","0.0","--","--","--","1,870","--","--","31.0","No","00:01:01.1","3","33.0","--","--","--","--","--","--","--","--","00:12:04","00:12:14","675","692"
Carrera,2026-02-23 19:45:41,false,"Vitacura - ICCUS 40 min RG","8.39","654","00:50:06","149","160","3.3","153","197","5:58","5:29","57","59","1.09","11.5","12.7","277","50.2 % izquierda / 49.8 % derecha","0.0","--","--","--","7,576","--","--","28.0","No","00:00:05.7","10","32.0","--","--","--","--","--","--","--","--","00:50:05","00:50:09","697","756"
Carrera,2026-02-21 08:02:11,false,"Vitacura - ICCUS 14K R1 R2","16.19","1,198","01:28:21","154","168","4.3","156","169","5:27","5:02","121","136","1.17","10.5","12.5","273","50.0 % izquierda / 50.0 % derecha","0.0","--","--","--","13,576","--","--","20.0","No","00:00:01.0","18","26.0","--","--","--","--","--","--","--","--","01:27:47","01:32:24","634","753"
Carrera,2026-02-19 08:41:23,false,"Canela - ICCUS 40min R1 R2","8.92","712","00:53:31","151","171","3.6","152","165","6:00","5:15","150","119","1.10","11.7","13.0","286","49.9 % izquierda / 50.1 % derecha","0.0","--","--","--","8,038","--","--","22.0","No","00:01:51.4","11","28.0","--","--","--","--","--","--","--","--","00:53:25","00:54:30","29","119"
Entreno de fuerza,2026-02-18 18:01:28,false,"Fuerza","0.00","384","00:53:10","113","145","1.9","--","--","--","--","--","--","--","--","--","--","--","0.0","--","--","--","250","125","12","29.0","No","00:53:10","1","32.0","--","--","--","--","--","--","--","--","00:41:21","00:53:10","--","--"
Carrera,2026-02-17 08:39:13,false,"Canela - ICCUS 1X3000 & 2X1000","7.72","572","00:43:31","146","173","3.5","151","164","5:38","4:16","176","138","1.16","10.9","12.7","278","50.2 % izquierda / 49.8 % derecha","0.0","--","--","--","6,530","--","--","22.0","No","00:01:30","10","27.0","--","--","--","--","--","--","--","--","00:43:17","00:45:05","'-0","74"
Caminar,2026-02-16 17:53:03,false,"Canela Caminar","1.18","63","00:14:01","84","94","0.1","105","205","11:56","7:05","--","72","0.80","--","--","--","--","0.0","--","--","--","1,620","--","--","28.0","No","00:14:01","1","32.0","--","--","--","--","--","--","--","--","00:13:57","00:14:01","'-43","28"
Carrera,2026-02-15 08:00:56,false,"Viña del Mar - Reforest Runnin 26","10.00","709","00:47:07","162","171","4.4","159","169","4:43","4:25","40","37","1.34","9.4","12.9","255","50.1 % izquierda / 49.9 % derecha","0.0","--","--","--","7,400","--","--","18.0","No","00:00:01.7","11","22.0","--","--","--","--","--","--","--","--","00:47:03","00:47:07","8","26"
Carrera,2026-02-15 07:35:06,false,"Viña del Mar Carrera","2.60","196","00:15:16","137","145","2.3","152","167","5:52","5:17","44","2","1.13","11.1","12.8","273","49.9 % izquierda / 50.1 % derecha","0.0","--","--","--","2,292","--","--","19.0","No","00:03:54.8","3","28.0","--","--","--","--","--","--","--","--","00:14:59","00:15:16","11","25"
Carrera,2026-02-14 09:37:42,false,"Viña del Mar - ICCUS 25min RG","4.42","321","00:25:15","139","152","2.7","155","169","5:43","5:11","24","61","1.13","11.2","12.8","272","49.8 % izquierda / 50.2 % derecha","0.0","--","--","--","3,870","--","--","21.0","No","00:00:14.7","6","25.0","--","--","--","--","--","--","--","--","00:24:52","00:26:55","6","20"
Carrera,2026-02-13 08:09:55,false,"Viña del Mar - ICCUS 8,5k","11.32","835","01:02:59","147","160","3.8","154","161","5:34","5:17","38","75","1.17","10.9","13.0","274","50.0 % izquierda / 50.0 % derecha","0.0","--","--","--","9,750","--","--","19.0","No","00:01:36.8","13","27.0","--","--","--","--","--","--","--","--","01:02:55","01:03:07","'-3","46"
Entreno de fuerza,2026-02-12 18:08:50,false,"Fuerza","0.00","382","00:50:19","114","147","2.1","--","--","--","--","--","--","--","--","--","--","--","0.0","--","--","--","326","163","10","29.0","No","00:50:19","1","33.0","--","--","--","--","--","--","--","--","00:35:24","00:50:19","--","--"
Carrera,2026-02-11 09:30:46,false,"Viña del Mar - ICCUS 2X3000","9.62","735","00:53:28","156","172","4.0","154","161","5:33","4:43","48","48","1.17","10.7","12.8","277","50.0 % izquierda / 50.0 % derecha","0.0","--","--","--","8,116","--","--","24.0","No","00:02:00","12","31.0","--","--","--","--","--","--","--","--","00:53:12","00:53:35","'-7","16"
Entreno de fuerza,2026-02-10 18:36:58,false,"Fuerza","0.00","357","00:43:55","118","138","1.8","--","--","--","--","--","--","--","--","--","--","--","0.0","--","--","--","418","209","12","29.0","No","00:43:55","1","31.0","--","--","--","--","--","--","--","--","00:32:45","00:45:21","--","--"
Carrera,2026-02-08 08:01:20,false,"Viña del Mar - ICCUS 14K R1 R2","16.71","1,210","01:29:02","151","164","4.4","157","177","5:20","4:58","64","98","1.20","10.4","12.6","267","50.4 % izquierda / 49.6 % derecha","0.0","--","--","--","13,846","--","--","19.0","No","00:00:03.4","18","28.0","--","--","--","--","--","--","--","--","01:28:32","01:31:29","43","88"
Carrera,2026-02-06 18:19:36,false,"Vitacura - ICCUS 25min RG","4.33","328","00:25:06","146","159","2.9","152","159","5:47","5:26","32","27","1.12","11.5","13.2","277","50.1 % izquierda / 49.9 % derecha","0.0","--","--","--","3,804","--","--","32.0","No","00:00:05.9","6","35.0","--","--","--","--","--","--","--","--","00:24:56","00:25:06","671","696"
Carrera,2026-02-05 19:19:19,false,"Vitacura - ICCUS 45min R1 R2","9.21","705","00:49:04","162","174","4.2","155","162","5:20","4:46","75","55","1.21","10.5","12.9","279","50.8 % izquierda / 49.2 % derecha","0.0","--","--","--","7,512","--","--","28.0","No","00:00:19.8","11","31.0","--","--","--","--","--","--","--","--","00:48:51","00:49:35","666","737"
Carrera,2026-02-05 18:47:19,false,"Vitacura Carrera","2.11","152","00:11:38","141","154","2.3","159","180","5:31","5:12","1","16","1.14","10.8","12.5","262","50.0 % izquierda / 50.0 % derecha","0.0","--","--","--","1,820","--","--","30.0","No","00:00:35.8","3","32.0","--","--","--","--","--","--","--","--","00:11:37","00:12:04","676","692"
Entreno de fuerza,2026-02-04 20:12:29,false,"Fuerza","0.00","392","00:38:11","129","159","2.4","--","--","--","--","--","--","--","--","--","--","--","0.0","--","--","--","6","3","1","27.0","No","00:38:11","1","28.0","--","--","--","--","--","--","--","--","00:38:11","00:38:11","--","--"
Carrera,2026-02-04 19:44:48,false,"Vitacura Carrera","2.12","155","00:11:36","143","158","2.3","153","160","5:28","5:09","2","10","1.19","--","--","--","--","0.0","--","--","--","1,790","--","--","27.0","No","00:00:38.4","3","31.0","--","--","--","--","--","--","--","--","00:11:25","00:12:11","677","692"
Carrera,2026-02-03 19:16:37,false,"Vitacura - ICCUS 3X2000","8.47","643","00:45:57","158","178","4.1","155","177","5:25","4:31","55","48","1.19","9.9","11.8","274","50.2 % izquierda / 49.8 % derecha","0.0","--","--","--","7,008","--","--","24.0","No","00:02:00","11","28.0","--","--","--","--","--","--","--","--","00:44:55","01:12:58","656","703"
Carrera,2026-02-03 18:50:13,false,"Vitacura Carrera","2.14","151","00:11:37","141","153","2.3","156","162","5:26","5:04","1","16","1.18","10.5","12.8","266","49.3 % izquierda / 50.8 % derecha","0.0","--","--","--","1,796","--","--","29.0","No","00:00:47.6","3","31.0","--","--","--","--","--","--","--","--","00:11:29","00:12:33","672","692"
Entreno de fuerza,2026-02-02 09:54:01,false,"Fuerza","0.00","418","00:46:53","122","153","2.3","--","--","--","--","--","--","--","--","--","--","--","0.0","--","--","--","318","159","11","26.0","No","00:46:53","1","30.0","--","--","--","--","--","--","--","--","00:35:44","00:46:53","--","--"
Carrera,2026-01-31 08:05:07,false,"Ñuñoa - ICCUS 12K R1R2","14.51","1,086","01:19:42","155","165","4.5","155","163","5:30","4:54","101","41","1.17","10.7","12.7","272","50.1 % izquierda / 49.9 % derecha","0.0","--","--","--","12,218","--","--","22.0","No","00:04:02.3","15","30.0","--","--","--","--","--","--","--","--","01:18:48","01:21:43","634","702"
Carrera,2026-01-29 19:19:17,false,"Vitacura - ICCUS 45min R1 R2","10.49","812","00:58:33","159","176","4.4","157","192","5:35","4:52","84","74","1.14","10.5","12.2","275","50.3 % izquierda / 49.7 % derecha","0.0","--","--","--","9,082","--","--","28.0","No","00:01:45.4","13","31.0","--","--","--","--","--","--","--","--","00:58:19","01:07:04","647","671"
Carrera,2026-01-29 18:50:54,false,"Vitacura Carrera","2.13","151","00:11:39","143","158","2.3","154","162","5:28","5:12","1","61","1.13","11.1","12.6","268","49.7 % izquierda / 50.3 % derecha","0.0","--","--","--","1,804","--","--","30.0","No","00:00:50.0","3","32.0","--","--","--","--","--","--","--","--","00:11:25","00:12:22","673","692"
Entreno de fuerza,2026-01-28 15:58:02,false,"Fuerza","0.00","491","01:04:25","114","152","2.3","--","--","--","--","--","--","--","--","--","--","--","0.0","--","--","--","10","5","1","29.0","No","01:04:25","1","33.0","--","--","--","--","--","--","--","--","01:04:25","01:04:25","--","--"
Carrera,2026-01-27 20:36:40,false,"Vitacura Carrera","0.63","54","00:04:21.4","146","160","1.1","153","164","6:55","5:34","7","--","0.97","11.8","11.7","282","50.0 % izquierda / 50.0 % derecha","0.0","--","--","--","666","--","--","27.0","No","00:04:21.4","1","28.0","--","--","--","--","--","--","--","--","00:04:07","00:04:47.0","614","622"
Carrera,2026-01-27 19:18:04,false,"Vitacura - ICCUS 3X2000","8.28","652","00:46:12","163","182","4.2","149","243","5:35","1:11","54","56","1.19","10.3","12.3","279","50.4 % izquierda / 49.6 % derecha","0.0","--","--","--","6,764","--","--","27.0","No","00:02:00","11","30.0","--","--","--","--","--","--","--","--","00:44:09","01:07:45","653","701"
Carrera,2026-01-27 18:47:30,false,"Vitacura Carrera","2.04","151","00:11:36","144","156","2.3","153","217","5:41","5:10","1","19","1.15","11.5","13.5","272","49.6 % izquierda / 50.4 % derecha","0.0","--","--","--","1,760","--","--","30.0","No","00:00:15.2","3","32.0","--","--","--","--","--","--","--","--","00:11:35","00:11:36","674","692"
Entreno de fuerza,2026-01-25 11:18:21,false,"Fuerza","0.00","425","00:55:29","117","153","2.1","--","--","--","--","--","--","--","--","--","--","--","0.0","--","--","--","404","202","13","27.0","No","00:55:29","1","31.0","--","--","--","--","--","--","--","--","00:36:27","00:55:29","--","--"
Carrera,2026-01-24 10:31:48,false,"Vitacura - ICCUS 10,5K R1 R2","12.24","939","01:09:30","156","169","4.2","153","177","5:41","5:11","87","84","1.15","11.4","13.3","280","49.8 % izquierda / 50.2 % derecha","0.0","--","--","--","10,476","--","--","27.0","No","00:00:03.2","14","32.0","--","--","--","--","--","--","--","--","01:09:14","01:15:15","657","706"
Carrera,2026-01-22 19:16:32,false,"Vitacura - ICCUS 40min R1 R2","7.99","626","00:44:54","160","179","4.0","151","199","5:37","5:07","55","43","1.18","11.5","13.7","278","49.9 % izquierda / 50.1 % derecha","0.0","--","--","--","6,716","--","--","27.0","No","00:00:01.6","11","31.0","--","--","--","--","--","--","--","--","00:43:59","00:54:31","650","675"
Carrera,2026-01-22 18:55:26,false,"Vitacura Carrera","2.08","148","00:11:28","142","153","2.3","150","155","5:31","4:35","57","14","1.20","11.3","14.0","274","49.5 % izquierda / 50.5 % derecha","0.0","--","--","--","1,706","--","--","30.0","No","00:00:27.1","3","32.0","--","--","--","--","--","--","--","--","00:11:19","00:12:01","676","692"
Carrera,2026-01-20 19:16:45,false,"Vitacura - ICCUS 4X1500","8.00","623","00:45:45","156","177","3.9","147","214","5:43","4:27","62","51","1.16","10.1","12.1","286","50.2 % izquierda / 49.8 % derecha","0.0","--","--","--","6,620","--","--","27.0","No","00:00:53.2","14","32.0","--","--","--","--","--","--","--","--","00:43:58","01:16:40","670","697"
Carrera,2026-01-20 18:48:32,false,"Vitacura Carrera","1.96","150","00:11:48","141","152","2.3","150","157","6:01","5:15","2","13","1.15","11.8","13.8","277","49.1 % izquierda / 50.9 % derecha","0.0","--","--","--","1,762","--","--","30.0","No","00:05:25.8","2","34.0","--","--","--","--","--","--","--","--","00:11:42","00:11:51","631","644"
Entreno de fuerza,2026-01-18 20:50:22,false,"Fuerza","0.00","299","00:39:05","114","144","2.0","--","--","--","--","--","--","--","--","--","--","--","0.0","--","--","--","360","180","11","30.0","No","00:39:05","1","32.0","--","--","--","--","--","--","--","--","00:30:24","00:40:42","--","--"
Carrera,2026-01-17 10:09:14,false,"Machalí - ICCUS 50min Fácil","11.15","875","01:03:15","159","176","4.5","153","160","5:40","5:06","104","99","1.16","11.4","13.4","274","50.4 % izquierda / 49.6 % derecha","0.0","--","--","--","9,578","--","--","28.0","No","00:03:15.0","12","35.0","--","--","--","--","--","--","--","--","01:03:09","01:03:41","553","616"
Carrera,2026-01-15 19:20:14,false,"Vitacura - ICCUS 40min","7.22","550","00:40:08","156","169","3.7","156","169","5:34","4:43","40","24","1.13","11.0","12.8","269","50.5 % izquierda / 49.5 % derecha","0.0","--","--","--","6,192","--","--","28.0","No","00:00:00.9","10","31.0","--","--","--","--","--","--","--","--","00:39:04","00:43:47","640","675"
Carrera,2026-01-15 18:52:15,false,"Vitacura Carrera","2.10","151","00:11:39","141","157","2.4","151","159","5:32","4:54","46","17","1.21","10.9","13.3","273","50.0 % izquierda / 50.0 % derecha","0.0","--","--","--","1,764","--","--","30.0","No","00:00:31.9","3","32.0","--","--","--","--","--","--","--","--","00:11:22","00:12:34","671","692"
Carrera,2026-01-13 20:25:02,false,"Vitacura Carrera","0.62","52","00:04:00.3","154","164","1.1","149","161","6:27","5:56","6","--","1.03","12.1","12.7","274","50.3 % izquierda / 49.7 % derecha","0.0","--","--","--","614","--","--","29.0","No","00:04:00.3","1","30.0","--","--","--","--","--","--","--","--","00:03:51","00:04:00.3","615","621"
Carrera,2026-01-13 20:23:51,false,"Vitacura - ICCUS 4X1200","5.75","470","00:33:11","163","177","3.8","146","190","5:46","3:38","52","43","1.16","9.8","11.7","293","50.1 % izquierda / 49.9 % derecha","0.0","--","--","--","4,750","--","--","29.0","No","00:00:00.9","13","31.0","--","--","--","--","--","--","--","--","00:31:15","00:36:25","614","637"
Carrera,2026-01-13 19:19:59,false,"Vitacura Carrera","1.45","108","00:09:02.8","137","152","2.0","153","160","6:14","5:38","7","4","1.05","11.5","12.2","281","49.9 % izquierda / 50.1 % derecha","0.0","--","--","--","1,366","--","--","30.0","No","00:02:43.7","2","32.0","--","--","--","--","--","--","--","--","00:08:44","00:09:45.3","669","676"
Carrera,2026-01-13 18:50:19,false,"Vitacura Carrera","2.10","150","00:12:06","135","148","2.2","152","156","5:46","5:13","30","22","1.15","11.5","13.3","277","49.5 % izquierda / 50.5 % derecha","0.0","--","--","--","1,814","--","--","32.0","No","00:00:33.5","3","33.0","--","--","--","--","--","--","--","--","00:12:01","00:12:08","670","693"
Carrera,2026-01-11 09:14:27,false,"Vitacura - ICCUS 45 progresivo","9.10","687","00:50:03","157","170","4.1","155","166","5:30","4:53","58","57","1.17","10.8","12.8","269","50.7 % izquierda / 49.3 % derecha","0.0","--","--","--","7,676","--","--","26.0","No","00:00:02.7","11","31.0","--","--","--","--","--","--","--","--","00:49:54","00:53:58","672","732"
Entreno de fuerza,2026-01-10 09:25:08,false,"Fuerza","0.00","363","00:42:41","120","149","2.1","--","--","--","--","--","--","--","--","--","--","--","0.0","--","--","--","36","18","3","28.0","No","00:42:41","1","30.0","--","--","--","--","--","--","--","--","00:39:22","00:42:41","--","--"
Carrera,2026-01-09 15:44:41,false,"Las Condes - ICCUS 40min","7.63","608","00:44:18","162","176","3.9","151","156","5:48","5:05","35","34","1.14","11.7","13.5","279","49.9 % izquierda / 50.1 % derecha","0.0","--","--","--","6,624","--","--","32.0","No","00:00:41.9","9","37.0","--","--","--","--","--","--","--","--","00:44:10","00:46:30","664","674"
Carrera,2026-01-06 19:39:37,false,"Vitacura - ICCUS 1x2000 + 3x1200","5.97","483","00:33:32","167","180","3.9","148","187","5:37","4:16","23","20","1.17","10.1","11.9","287","50.2 % izquierda / 49.8 % derecha","0.0","--","--","--","4,868","--","--","26.0","No","00:00:01.4","13","28.0","--","--","--","--","--","--","--","--","00:32:52","00:34:48","668","676"
Carrera,2026-01-06 19:20:59,false,"Vitacura Carrera","1.44","116","00:09:28.0","145","157","2.0","155","159","6:34","6:10","11","6","1.00","11.7","11.8","284","49.9 % izquierda / 50.1 % derecha","0.0","--","--","--","1,456","--","--","28.0","No","00:02:51.4","2","31.0","--","--","--","--","--","--","--","--","00:09:20","00:09:28.0","667","676"
Carrera,2026-01-06 18:48:12,false,"Vitacura Carrera","2.17","154","00:12:16","138","156","2.3","154","159","5:39","5:12","3","20","1.14","10.9","12.6","278","49.3 % izquierda / 50.7 % derecha","0.0","--","--","--","1,864","--","--","30.0","No","00:00:57.0","3","31.0","--","--","--","--","--","--","--","--","00:12:09","00:12:20","673","692"
Carrera,2026-01-03 10:05:21,false,"Machalí - ICCUS 45 progresivo","9.56","765","00:54:48","163","177","4.4","154","168","5:44","5:04","121","91","1.13","11.1","12.8","274","50.4 % izquierda / 49.6 % derecha","0.0","--","--","--","8,354","--","--","25.0","No","00:03:10.6","11","34.0","--","--","--","--","--","--","--","--","00:54:39","00:54:48","601","654"
Carrera,2026-01-01 21:13:46,false,"Vitacura - ICCUS 40min","8.00","608","00:45:03","153","164","3.8","154","159","5:38","4:55","56","48","1.15","10.9","12.7","278","49.7 % izquierda / 50.3 % derecha","0.0","--","--","--","6,874","--","--","26.0","No","00:00:03.5","10","32.0","--","--","--","--","--","--","--","--","00:45:03","00:45:03","690","744"
Entreno de fuerza,2025-12-31 19:20:48,false,"Fuerza","0.00","378","00:39:47","124","162","2.5","--","--","--","--","--","--","--","--","--","--","--","0.0","--","--","--","128","64","6","29.0","No","00:39:47","1","33.0","--","--","--","--","--","--","--","--","00:28:49","00:44:45","--","--"
Carrera,2025-12-30 19:45:47,false,"Vitacura - ICCUS 1x2000 + 3x1200","6.54","550","00:38:54","166","181","4.0","146","216","5:57","4:29","24","22","1.15","10.4","12.0","288","49.7 % izquierda / 50.3 % derecha","0.0","--","--","--","5,550","--","--","30.0","No","00:00:02.2","13","31.0","--","--","--","--","--","--","--","--","00:37:51","00:39:19","668","675"
Carrera,2025-12-30 19:21:28,false,"Vitacura Carrera","2.09","163","00:12:36","147","161","2.6","155","192","6:01","4:58","11","7","1.07","11.6","12.5","274","49.8 % izquierda / 50.2 % derecha","0.0","--","--","--","1,926","--","--","31.0","No","00:00:32.4","3","33.0","--","--","--","--","--","--","--","--","00:12:16","00:13:14","665","674"
Carrera,2025-12-30 18:45:44,false,"Vitacura Carrera","2.13","155","00:12:52","135","155","2.2","152","194","6:02","5:17","4","20","1.08","11.7","12.8","276","49.1 % izquierda / 50.9 % derecha","0.0","--","--","--","1,944","--","--","33.0","No","00:00:47.0","3","35.0","--","--","--","--","--","--","--","--","00:12:42","00:13:23","672","692"
Carrera,2025-12-27 21:01:36,false,"Vitacura Carrera","5.01","374","00:33:51","134","155","2.5","152","161","6:46","5:11","67","20","0.96","13.1","12.7","283","49.8 % izquierda / 50.2 % derecha","0.0","--","--","--","5,064","--","--","27.0","No","00:00:01.9","6","32.0","--","--","--","--","--","--","--","--","00:33:22","00:37:49","671","693"
Carrera,2025-12-23 19:14:40,false,"Vitacura - ICCUS 40min progresivo","6.47","508","00:35:14","165","178","4.2","155","163","5:27","4:54","21","24","1.19","10.7","12.9","270","50.3 % izquierda / 49.7 % derecha","0.0","--","--","--","5,402","--","--","28.0","No","00:00:01.7","8","31.0","--","--","--","--","--","--","--","--","00:34:46","00:37:30","659","673"
Carrera,2025-12-23 18:49:21,false,"Vitacura Carrera","2.11","157","00:12:18","141","156","2.3","154","158","5:50","4:53","2","17","1.11","11.5","13.0","278","49.9 % izquierda / 50.1 % derecha","0.0","--","--","--","1,874","--","--","32.0","No","00:00:34.9","3","34.0","--","--","--","--","--","--","--","--","00:12:18","00:12:18","675","691"
Carrera,2025-12-21 09:08:06,false,"Vitacura - ICCUS 10K","10.77","837","01:04:36","153","168","3.9","156","172","6:00","5:26","75","80","1.07","11.6","12.6","270","50.0 % izquierda / 50.0 % derecha","0.0","--","--","--","9,942","--","--","22.0","No","00:00:06.6","12","27.0","--","--","--","--","--","--","--","--","01:04:32","01:04:55","681","761"
Entreno de fuerza,2025-12-20 10:03:20,false,"Fuerza","0.00","387","00:36:03","133","167","3.3","--","--","--","--","--","--","--","--","--","--","--","0.0","--","--","--","118","59","1","21.0","No","00:36:03","1","27.0","--","--","--","--","--","--","--","--","00:36:03","00:47:33","--","--"
Carrera,2025-12-19 14:24:48,false,"Vitacura - ICCUS 4X300 & 2x1600 ","7.28","560","00:42:53","153","172","3.8","143","161","5:54","3:57","43","49","1.16","10.9","12.5","312","49.9 % izquierda / 50.1 % derecha","0.0","--","--","--","6,068","--","--","31.0","No","00:00:03.6","17","36.0","--","--","--","--","--","--","--","--","00:42:22","00:44:18","619","661"
Carrera,2025-12-16 19:20:28,false,"Vitacura - ICCUS 8k progresivo","5.89","458","00:33:15","156","171","3.7","152","187","5:39","5:04","30","14","1.17","11.3","13.4","275","50.2 % izquierda / 49.8 % derecha","0.0","--","--","--","5,028","--","--","31.0","No","00:00:01.3","7","33.0","--","--","--","--","--","--","--","--","00:32:32","00:36:07","663","677"
Carrera,2025-12-16 18:44:18,false,"Vitacura Carrera","2.15","155","00:12:09","143","157","2.4","150","154","5:39","5:14","28","28","1.17","11.7","13.9","278","49.4 % izquierda / 50.6 % derecha","0.0","--","--","--","1,808","--","--","31.0","No","00:00:45.9","3","33.0","--","--","--","--","--","--","--","--","00:12:07","00:12:09","665","693"
Carrera,2025-12-11 18:56:35,false,"Vitacura - ICCUS 14X200","8.33","647","00:46:58","161","177","4.4","156","171","5:38","4:15","60","31","1.13","10.8","12.2","272","50.0 % izquierda / 50.0 % derecha","0.0","--","--","--","7,208","--","--","24.0","No","00:00:49.9","30","27.0","--","--","--","--","--","--","--","--","00:46:31","01:15:08","644","675"
Carrera,2025-12-09 19:05:30,false,"Vitacura - ICCUS 8k progresivo","8.61","659","00:49:08","155","175","4.2","153","161","5:42","5:04","78","39","1.13","11.2","12.9","276","50.3 % izquierda / 49.7 % derecha","0.0","--","--","--","7,478","--","--","26.0","No","00:00:02.8","10","31.0","--","--","--","--","--","--","--","--","00:48:20","00:59:42","667","708"
Carrera,2025-12-08 09:44:41,false,"Vitacura - ICCUS 5K RG","5.73","431","00:42:11","135","148","2.4","148","166","7:22","6:06","30","34","0.91","12.1","11.2","316","50.1 % izquierda / 49.9 % derecha","0.0","--","--","--","6,210","--","--","27.0","No","00:00:04.2","7","31.0","--","--","--","--","--","--","--","--","00:42:01","00:42:11","689","720"
Entreno de fuerza,2025-12-06 10:03:27,false,"Fuerza","0.00","585","00:49:57","140","174","3.8","--","--","--","--","--","--","--","--","--","--","--","0.0","--","--","--","26","13","1","25.0","No","00:49:57","1","28.0","--","--","--","--","--","--","--","--","00:49:57","00:49:57","--","--"
Carrera,2025-12-04 20:00:55,false,"Vitacura Carrera","8.70","662","00:49:20","151","167","4.0","155","203","5:40","4:59","63","33","1.14","11.2","12.9","272","49.9 % izquierda / 50.1 % derecha","0.0","--","--","--","7,542","--","--","23.0","No","00:03:55.7","9","29.0","--","--","--","--","--","--","--","--","00:49:02","00:50:49","672","690"
Carrera,2025-12-02 20:01:35,false,"Vitacura Carrera","3.83","302","00:21:49","160","177","3.4","153","223","5:42","3:57","25","12","1.14","--","--","--","--","0.0","--","--","--","3,336","--","--","26.0","No","00:00:45.5","16","29.0","--","--","--","--","--","--","--","--","00:21:20","00:27:38","651","664"
Carrera,2025-12-02 19:38:45,false,"Vitacura Carrera","1.32","102","00:08:17.0","149","163","2.1","154","180","6:18","5:18","27","9","1.03","--","--","--","--","0.0","--","--","--","1,276","--","--","29.0","No","00:02:01.6","2","32.0","--","--","--","--","--","--","--","--","00:07:58.6","00:08:44.5","696","704"
Carrera,2025-11-30 09:31:56,false,"Vitacura - Base","7.87","607","00:45:20","152","168","3.7","155","164","5:46","5:12","50","54","1.11","11.6","13.1","270","50.3 % izquierda / 49.7 % derecha","0.0","--","--","--","6,952","--","--","22.0","No","00:00:42.5","9","28.0","--","--","--","--","--","--","--","--","00:44:45","00:47:39","675","734"
Carrera,2025-11-23 07:02:11,false,"Ñuñoa Carrera","21.12","1,642","01:58:24","159","176","5.0","154","163","5:36","5:01","69","78","1.16","11.1","13.1","276","50.0 % izquierda / 50.0 % derecha","0.0","--","--","--","18,090","--","--","22.0","No","00:00:40.3","22","32.0","--","--","--","--","--","--","--","--","01:58:18","01:58:24","549","590"
Carrera,2025-11-20 21:17:30,false,"Vitacura - Sem 16 1/3","6.88","522","00:38:26","151","164","3.8","151","160","5:35","3:01","54","54","1.18","11.3","13.5","279","49.9 % izquierda / 50.1 % derecha","0.0","--","--","--","5,746","--","--","21.0","No","00:03:26.4","8","30.0","--","--","--","--","--","--","--","--","00:38:11","00:38:44","671","725"
Carrera,2025-11-16 12:05:31,false,"Vitacura - Sem8 1/3 Sem5-14 2/3 Sem 15 3/3","7.67","592","00:45:12","150","165","3.7","151","158","5:54","4:54","64","41","1.12","11.8","13.4","280","50.1 % izquierda / 49.9 % derecha","0.0","--","--","--","6,766","--","--","28.0","No","00:05:00","8","34.0","--","--","--","--","--","--","--","--","00:44:40","00:50:20","649","693"
Carrera,2025-11-14 17:42:18,false,"Vitacura - Sem 15 2/3","9.51","723","00:51:39","160","177","4.5","152","164","5:26","4:10","87","53","1.19","11.1","13.2","274","50.2 % izquierda / 49.8 % derecha","0.0","--","--","--","7,762","--","--","28.0","No","00:00:03.2","12","32.0","--","--","--","--","--","--","--","--","00:50:38","01:00:18","689","761"
Carrera,2025-11-11 19:28:58,false,"Vitacura - Sem 15 1/3","8.05","614","00:45:04","153","172","4.2","152","167","5:36","4:05","30","35","1.18","11.1","13.2","280","50.2 % izquierda / 49.8 % derecha","0.0","--","--","--","6,842","--","--","24.0","No","00:00:03.8","24","28.0","--","--","--","--","--","--","--","--","00:44:22","00:46:54","670","692"
Carrera,2025-11-09 09:52:17,false,"Vitacura - Sem1-9-14 3/3","11.27","887","01:04:44","158","170","4.6","153","162","5:44","4:59","121","80","1.14","11.5","13.2","273","50.7 % izquierda / 49.3 % derecha","0.0","--","--","--","9,890","--","--","22.0","No","00:04:07.7","12","28.0","--","--","--","--","--","--","--","--","01:04:34","01:06:15","682","766"
Carrera,2025-11-07 17:28:27,false,"Vitacura - Sem8 1/3 Sem5-14 2/3 Sem 15 3/3","8.15","639","00:47:00","157","169","4.0","151","160","5:46","5:12","60","29","1.14","11.6","13.5","281","50.5 % izquierda / 49.5 % derecha","0.0","--","--","--","7,014","--","--","27.0","No","00:01:32.6","9","33.0","--","--","--","--","--","--","--","--","00:46:01","00:55:54","647","695"
Carrera,2025-11-04 19:02:21,false,"Vitacura - Sem1-16 2/3 - Sem 5-6-7-9-11-13-","7.59","594","00:42:53","158","175","4.2","148","155","5:39","5:08","51","24","1.19","11.4","13.9","281","50.3 % izquierda / 49.8 % derecha","0.0","--","--","--","6,310","--","--","25.0","No","00:04:30.6","8","29.0","--","--","--","--","--","--","--","--","00:42:04","00:49:37","662","695"
Carrera,2025-11-02 10:14:40,false,"Machalí - Sem 13 3/3","12.25","1,002","01:14:10","158","177","4.5","152","164","6:03","5:31","67","77","1.09","11.9","13.1","280","50.3 % izquierda / 49.7 % derecha","0.0","--","--","--","10,966","--","--","23.0","No","00:00:20","24","36.0","--","--","--","--","--","--","--","--","01:13:43","01:20:30","526","601"
Carrera,2025-10-30 18:31:07,false,"Vitacura - Sem 13 2/3","7.85","631","00:46:41","158","173","3.8","148","157","5:57","4:48","53","37","1.14","11.8","13.6","291","50.2 % izquierda / 49.8 % derecha","0.0","--","--","--","6,818","--","--","27.0","No","00:00:20","25","31.0","--","--","--","--","--","--","--","--","00:46:12","00:54:47","646","693"
Carrera,2025-10-19 09:58:37,false,"Puerto Varas - Sem 11 3/3","13.72","1,099","01:20:03","157","173","4.8","154","163","5:50","5:13","180","92","1.11","--","--","--","--","0.0","--","--","--","12,266","--","--","20.0","No","00:00:03.3","26","32.0","--","--","--","--","--","--","--","--","01:19:59","01:20:03","50","100"
Carrera,2025-10-12 11:36:53,false,"Vitacura - Sem 11 3/3","11.63","897","01:02:01","162","180","5.0","153","166","5:20","4:13","76","71","1.22","10.5","12.9","271","50.7 % izquierda / 49.3 % derecha","0.0","--","--","--","9,352","--","--","25.0","No","00:00:01.1","24","34.0","--","--","--","--","--","--","--","--","01:00:48","01:10:40","644","728"
Carrera,2025-10-09 20:11:18,false,"Vitacura - Sem1-16 2/3 - Sem 5-6-7-9-11-13-","7.83","625","00:45:01","157","174","4.0","150","159","5:45","5:05","34","22","1.16","11.2","13.2","285","50.3 % izquierda / 49.7 % derecha","0.0","--","--","--","6,696","--","--","25.0","No","00:00:01.0","9","31.0","--","--","--","--","--","--","--","--","00:44:11","00:47:17","663","694"
Carrera,2025-09-30 19:19:31,false,"Vitacura - Sem1-16 2/3 - Sem 5-6-7-9-11-13-","7.70","595","00:45:02","147","165","3.5","152","158","5:51","5:17","40","23","1.13","11.4","13.0","280","50.2 % izquierda / 49.8 % derecha","0.0","--","--","--","6,770","--","--","24.0","No","00:00:01.6","9","28.0","--","--","--","--","--","--","--","--","00:44:24","00:48:30","665","695"
Entreno de fuerza,2025-09-28 11:08:18,false,"Fuerza","0.00","421","00:45:03","123","160","2.4","--","--","--","--","--","--","--","--","--","--","--","0.0","--","--","--","64","32","2","23.0","No","00:45:03","1","26.0","--","--","--","--","--","--","--","--","00:43:53","00:45:03","--","--"
Carrera,2025-09-25 18:53:31,false,"Vitacura - Sem8 2/3","12.86","986","01:14:27","151","179","4.3","148","198","5:47","3:54","84","81","1.14","10.8","12.3","277","49.6 % izquierda / 50.4 % derecha","0.0","--","--","--","10,878","--","--","21.0","No","00:00:02.7","29","28.0","--","--","--","--","--","--","--","--","01:13:12","01:17:43","666","709"
Carrera,2025-09-23 19:22:18,false,"Vitacura - Sem8 1/3 Sem5-14 2/3 Sem 15 3/3","8.97","711","00:51:13","156","171","3.9","152","160","5:42","5:12","106","61","1.14","11.5","13.3","277","50.2 % izquierda / 49.8 % derecha","0.0","--","--","--","7,754","--","--","23.0","No","00:01:12.8","10","26.0","--","--","--","--","--","--","--","--","00:50:44","00:52:56","675","739"
Carrera,2025-09-21 10:43:56,false,"Vitacura Carrera","7.01","560","00:40:36","157","173","3.7","154","161","5:47","5:01","25","42","1.12","11.3","12.9","273","50.3 % izquierda / 49.7 % derecha","0.0","--","--","--","6,178","--","--","22.0","No","00:00:04.5","8","28.0","--","--","--","--","--","--","--","--","00:40:30","00:41:44","661","692"
Senderismo,2025-09-14 08:38:09,false,"Vitacura Senderismo","7.57","1,203","01:40:31","147","174","4.4","113","250","13:17","5:21","690","663","0.66","--","--","--","--","0.0","--","--","--","11,882","--","--","20.0","No","00:37:41","2","26.0","--","--","--","--","--","--","--","--","01:37:18","01:56:44","676","1,358"
Carrera,2025-09-12 17:39:49,false,"Vitacura - Sem 6 2/3","11.25","900","01:03:37","159","182","4.7","146","255","5:39","4:16","83","89","1.19","10.3","12.4","277","50.4 % izquierda / 49.6 % derecha","0.0","--","--","--","9,144","--","--","26.0","No","00:00:20","25","30.0","--","--","--","--","--","--","--","--","01:02:10","01:07:30","659","709"
Carrera,2025-09-09 19:21:50,false,"Vitacura - Sem1-16 2/3 - Sem 5-6-7-9-11-13-","7.93","604","00:45:06","149","164","3.6","150","208","5:41","5:10","43","71","1.16","11.2","13.3","286","50.0 % izquierda / 50.0 % derecha","0.0","--","--","--","6,696","--","--","21.0","No","00:00:06.1","10","25.0","--","--","--","--","--","--","--","--","00:43:45","00:51:34","657","693"
Carrera,2025-09-07 10:35:08,false,"Vitacura - Sem5 3/3","15.62","1,161","01:30:10","146","160","4.0","156","165","5:46","5:02","122","96","1.11","11.0","12.3","272","50.0 % izquierda / 50.0 % derecha","0.0","--","--","--","13,918","--","--","17.0","No","00:00:09.9","17","26.0","--","--","--","--","--","--","--","--","01:28:58","01:41:17","583","692"
Carrera,2025-09-04 19:11:29,false,"Vitacura - Sem5-14 2/3 Sem 15 3/3","8.63","664","00:48:41","152","169","3.8","152","167","5:39","5:09","55","48","1.16","11.2","13.1","280","50.2 % izquierda / 49.8 % derecha","0.0","--","--","--","7,314","--","--","18.0","No","00:04:49.8","9","25.0","--","--","--","--","--","--","--","--","00:47:27","00:54:29","654","698"
Carrera,2025-09-02 19:19:32,false,"Vitacura - Sem1-16 2/3 - Sem 5-7-9-11-13-14","7.83","612","00:45:40","149","163","3.6","150","158","5:50","5:13","66","60","1.14","11.6","13.4","285","50.7 % izquierda / 49.3 % derecha","0.0","--","--","--","6,782","--","--","22.0","No","00:00:40.3","9","26.0","--","--","--","--","--","--","--","--","00:45:04","00:46:01","663","710"
Carrera,2025-08-31 11:31:02,false,"Vitacura - Sem2-3 3/3","10.83","849","01:00:46","159","173","4.2","154","187","5:37","4:49","71","30","1.16","11.1","13.1","273","50.5 % izquierda / 49.5 % derecha","0.0","--","--","--","9,224","--","--","18.0","No","00:05:00","11","24.0","--","--","--","--","--","--","--","--","00:59:33","01:10:13","669","706"
Carrera,2025-08-28 19:20:13,false,"Vitacura - Sem3 2/3","9.33","696","00:51:32","150","175","3.9","149","170","5:31","3:57","59","55","1.19","10.8","12.9","278","50.0 % izquierda / 50.0 % derecha","0.0","--","--","--","7,582","--","--","16.0","No","00:00:20","23","26.0","--","--","--","--","--","--","--","--","00:50:18","00:56:00","663","712"
Carrera,2025-08-24 09:32:22,false,"Vitacura - Sem2-3 3/3","11.29","907","01:03:43","164","175","4.3","152","163","5:39","5:02","167","76","1.15","11.5","13.4","280","51.0 % izquierda / 49.0 % derecha","0.0","--","--","--","9,616","--","--","18.0","No","00:02:39.1","12","28.0","--","--","--","--","--","--","--","--","01:03:25","01:12:38","671","758"
Carrera,2025-08-19 18:58:12,false,"Vitacura - Sem 2 1/3","9.16","713","00:53:12","151","177","4.2","143","175","5:48","3:29","56","48","1.19","10.4","12.1","302","50.3 % izquierda / 49.7 % derecha","0.0","--","--","--","7,332","--","--","20.0","No","00:00:00.6","64","28.0","--","--","--","--","--","--","--","--","00:52:05","00:56:11","657","695"
Carrera,2025-08-17 09:16:22,false,"Vitacura - Sem1-9-14 3/3","9.79","772","00:57:03","153","166","3.9","152","160","5:50","5:20","115","67","1.13","11.6","13.3","278","51.2 % izquierda / 48.8 % derecha","0.0","--","--","--","8,548","--","--","20.0","No","00:00:07.3","11","29.0","--","--","--","--","--","--","--","--","00:56:50","00:57:38","674","744"
Ciclismo,2025-08-13 17:57:55,false,"Vitacura Ciclismo","3.83","80","00:09:30.6","112","123","0.7","--","--","24.2","32.6","2","57","--","--","--","--","--","0.0","--","--","--","--","--","--","25.0","No","00:09:30.6","1","28.0","--","--","--","--","--","--","--","--","00:09:17","00:09:30.6","699","760"
Ciclismo,2025-08-13 08:11:00,false,"Vitacura Ciclismo","4.40","227","00:26:04","117","134","1.5","--","--","10.1","23.1","114","8","--","--","--","--","--","0.0","--","--","--","--","--","--","21.0","No","00:26:04","1","25.0","--","--","--","--","--","--","--","--","00:21:34","00:26:04","691","770"
Carrera,2025-08-12 20:08:02,false,"Vitacura - Sem1 1/3 VAM","8.98","703","00:50:29","157","183","4.0","149","163","5:37","1:59","82","36","1.19","11.2","13.3","280","51.0 % izquierda / 49.0 % derecha","0.0","--","--","--","7,416","--","--","19.0","No","00:00:08.1","22","27.0","--","--","--","--","--","--","--","--","00:49:49","00:52:18","658","692"
Ciclismo,2025-08-11 18:13:09,false,"Vitacura Ciclismo","3.71","75","00:10:25","105","118","0.5","--","--","21.4","31.3","--","65","--","--","--","--","--","0.0","--","--","--","--","--","--","23.0","No","00:10:25","1","27.0","--","--","--","--","--","--","--","--","00:09:09","00:10:25","702","757"
Ciclismo,2025-08-11 08:36:43,false,"Vitacura Ciclismo","4.40","220","00:26:54","114","142","1.4","--","--","9.8","14.9","119","10","--","--","--","--","--","0.0","--","--","--","--","--","--","21.0","No","00:26:54","1","25.0","--","--","--","--","--","--","--","--","00:21:54","00:26:54","691","775"
Carrera,2025-08-10 09:19:38,false,"Vitacura Carrera","10.10","802","01:03:18","149","167","3.7","156","167","6:16","5:36","76","73","1.02","12.0","12.5","271","50.9 % izquierda / 49.1 % derecha","0.0","--","--","--","9,748","--","--","19.0","No","00:00:41.6","11","25.0","--","--","--","--","--","--","--","--","01:03:15","01:03:57","674","751"
Ciclismo,2025-08-07 18:19:55,false,"Vitacura Ciclismo","2.99","66","00:09:11.1","105","116","0.3","--","--","19.5","31.4","--","90","--","--","--","--","--","0.0","--","--","--","--","--","--","21.0","No","00:09:11.1","1","25.0","--","--","--","--","--","--","--","--","00:07:52","00:09:11.1","668","710"
Ciclismo,2025-08-07 08:08:21,false,"Vitacura Ciclismo","4.41","220","00:23:45","120","137","1.5","--","--","11.1","18.8","151","11","--","--","--","--","--","0.0","--","--","--","--","--","--","16.0","No","00:23:45","1","25.0","--","--","--","--","--","--","--","--","00:19:57","00:23:45","692","784"
Ciclismo,2025-08-06 18:19:05,false,"Vitacura Ciclismo","4.05","93","00:12:01","108","123","0.9","--","--","20.2","33.5","1","60","--","--","--","--","--","0.0","--","--","--","--","--","--","20.0","No","00:12:01","1","29.0","--","--","--","--","--","--","--","--","00:10:24","00:12:01","709","761"
Ciclismo,2025-08-06 07:55:56,false,"Vitacura Ciclismo","4.32","223","00:22:52","123","144","2.0","--","--","11.3","17.1","148","4","--","--","--","--","--","0.0","--","--","--","--","--","--","15.0","No","00:22:52","1","25.0","--","--","--","--","--","--","--","--","00:20:39","00:29:28","692","785"
Ciclismo,2025-08-05 19:33:55,false,"Vitacura Ciclismo","3.93","70","00:09:37.2","105","120","0.4","--","--","24.5","35.2","1","58","--","--","--","--","--","0.0","--","--","--","--","--","--","23.0","No","00:09:37.2","1","29.0","--","--","--","--","--","--","--","--","00:09:19","00:09:37.2","704","759"
Ciclismo,2025-08-05 08:39:28,false,"Vitacura Ciclismo","4.18","219","00:19:27","129","147","2.3","--","--","12.9","20.7","155","1","--","--","--","--","--","0.0","--","--","--","--","--","--","17.0","No","00:19:27","1","25.0","--","--","--","--","--","--","--","--","00:18:42","00:19:27","691","782"
Carrera,2025-08-03 07:31:35,true,"Goldenrun by Asics 2025","21.13","1,611","01:44:46","167","183","5.0","154","171","4:58","3:54","75","66","1.31","10.2","13.7","268","51.2 % izquierda / 48.8 % derecha","0.0","--","--","--","16,000","--","--","11.0","No","00:00:29.4","22","17.0","--","--","--","--","--","--","--","--","01:44:39","01:44:46","556","607"
Carrera,2025-07-29 19:17:07,false,"Vitacura - Sem 16 1/3","7.58","559","00:40:24","149","170","3.7","151","159","5:20","4:16","36","41","1.23","10.3","12.8","280","50.6 % izquierda / 49.4 % derecha","0.0","--","--","--","6,048","--","--","20.0","No","00:00:24.0","10","24.0","--","--","--","--","--","--","--","--","00:39:49","00:43:58","664","695"
Carrera,2025-07-27 09:26:54,false,"Vitacura - Sem5-14 2/3 Sem 15 3/3","6.63","519","00:38:43","150","167","3.5","151","162","5:50","5:23","24","25","1.13","11.2","12.9","293","50.6 % izquierda / 49.4 % derecha","0.0","--","--","--","5,826","--","--","18.0","No","00:05:00","7","26.0","--","--","--","--","--","--","--","--","00:38:35","00:38:43","674","694"
Carrera,2025-07-22 18:55:59,false,"Vitacura - Sem 15 1/3","8.18","604","00:44:25","145","165","3.4","150","163","5:26","4:06","56","35","1.21","10.9","13.3","276","51.0 % izquierda / 49.0 % derecha","0.0","--","--","--","6,538","--","--","16.0","No","00:01:00","23","26.0","--","--","--","--","--","--","--","--","00:43:31","00:52:24","672","715"
Carrera,2025-07-20 16:38:25,false,"Vitacura - Sem1-9-14 3/3","9.68","754","00:55:58","150","160","3.7","153","219","5:47","4:26","57","76","1.13","11.1","12.7","278","51.0 % izquierda / 49.0 % derecha","0.0","--","--","--","8,464","--","--","22.0","No","00:05:00","10","26.0","--","--","--","--","--","--","--","--","00:55:44","00:56:57","668","718"
Carrera,2025-07-18 16:43:34,false,"Vitacura - Sem5-14 2/3 Sem 15 3/3","7.68","576","00:44:00","151","166","3.5","150","163","5:44","5:06","45","54","1.17","11.3","13.5","279","50.8 % izquierda / 49.3 % derecha","0.0","--","--","--","6,558","--","--","22.0","No","00:04:54.8","8","25.0","--","--","--","--","--","--","--","--","00:43:24","00:47:30","657","693"
Carrera,2025-07-16 10:28:03,false,"Vitacura - Sem1-16 2/3 - Sem 5-7-9-11-13-14","7.61","578","00:44:33","149","165","3.5","153","161","5:51","5:16","36","51","1.12","11.6","13.1","278","50.9 % izquierda / 49.1 % derecha","0.0","--","--","--","6,744","--","--","16.0","No","00:04:39.0","8","25.0","--","--","--","--","--","--","--","--","00:43:50","00:46:08","669","694"
Carrera,2025-07-13 09:13:23,false,"Vitacura - Sem 13 3/3","17.42","1,296","01:37:33","158","173","5.0","155","192","5:36","4:16","114","125","1.14","10.8","12.4","278","50.6 % izquierda / 49.4 % derecha","0.0","--","--","--","14,902","--","--","14.0","No","00:00:19.1","32","21.0","--","--","--","--","--","--","--","--","01:36:46","01:41:14","607","732"
Carrera,2025-07-11 17:28:32,false,"Vitacura - Sem 13 2/3","9.64","721","00:52:20","157","176","4.3","151","162","5:26","4:25","63","56","1.21","10.7","12.9","276","50.8 % izquierda / 49.2 % derecha","0.0","--","--","--","7,882","--","--","17.0","No","00:00:08.4","29","23.0","--","--","--","--","--","--","--","--","00:52:04","00:54:00","646","694"
Carrera,2025-07-08 20:19:26,false,"Vitacura - Sem1-16 2/3 - Sem 5-7-9-11-13-14","7.82","579","00:44:35","150","164","3.5","157","168","5:42","5:05","29","32","1.12","10.7","12.2","274","50.6 % izquierda / 49.4 % derecha","0.0","--","--","--","6,938","--","--","19.0","No","00:05:00","8","26.0","--","--","--","--","--","--","--","--","00:44:06","00:48:47","659","690"
Carrera,2025-07-06 09:33:01,false,"Vitacura - Sem 11 3/3","14.22","1,075","01:17:37","162","175","4.9","155","172","5:28","4:19","94","144","1.18","10.3","12.2","270","51.5 % izquierda / 48.5 % derecha","0.0","--","--","--","11,804","--","--","18.0","No","00:00:20","28","25.0","--","--","--","--","--","--","--","--","01:17:01","01:19:01","649","758"
Entreno de fuerza,2025-07-05 17:46:51,false,"Fuerza","0.00","345","00:55:41","105","145","1.3","--","--","--","--","--","--","--","--","--","--","--","0.0","--","--","--","348","174","8","22.0","No","00:55:41","1","25.0","--","--","--","--","--","--","--","--","00:37:44","01:04:47","--","--"
Carrera,2025-07-03 19:23:13,false,"Vitacura - Sem 11 2/3","11.19","827","01:01:00","156","174","4.5","152","170","5:27","2:34","66","91","1.20","10.6","12.6","271","51.0 % izquierda / 49.0 % derecha","0.0","--","--","--","9,084","--","--","17.0","No","00:00:20","40","23.0","--","--","--","--","--","--","--","--","01:00:45","01:02:34","655","700"
Carrera,2025-07-01 19:04:33,false,"Vitacura - Sem1 2/3 - Sem 5-7-9-11 1/3","7.69","563","00:45:07","142","159","3.3","151","159","5:52","5:13","35","22","1.14","11.5","13.2","283","50.7 % izquierda / 49.3 % derecha","0.0","--","--","--","6,724","--","--","18.0","No","00:00:07.0","9","24.0","--","--","--","--","--","--","--","--","00:44:24","00:47:46","663","692"
Carrera,2025-06-29 10:10:23,false,"Vitacura - Sem1-9 3/3","10.26","754","01:01:02","145","163","3.5","154","175","5:57","5:12","50","102","1.09","11.7","13.0","273","50.8 % izquierda / 49.2 % derecha","0.0","--","--","--","9,294","--","--","17.0","No","00:01:02.3","12","25.0","--","--","--","--","--","--","--","--","01:00:09","01:04:27","609","677"
Carrera,2025-06-27 18:09:57,false,"Vitacura - Sem 9 2/3","12.45","922","01:11:20","153","178","4.2","150","202","5:44","2:39","47","63","1.15","11.5","13.1","275","50.9 % izquierda / 49.1 % derecha","0.0","--","--","--","10,522","--","--","16.0","No","00:00:10.5","28","25.0","--","--","--","--","--","--","--","--","01:10:02","01:24:35","651","693"
Carrera,2025-06-24 19:07:11,false,"Vitacura - Sem1 2/3 - Sem 5-7-9 1/3","8.47","640","00:50:56","147","164","3.5","150","176","6:01","5:04","66","78","1.10","11.7","13.1","285","50.2 % izquierda / 49.8 % derecha","0.0","--","--","--","7,604","--","--","14.0","No","00:04:31.0","9","27.0","--","--","--","--","--","--","--","--","00:50:08","00:53:00","664","712"
Carrera,2025-06-22 09:05:55,false,"Vitacura - Sem7 3/3","9.34","712","00:54:46","154","178","4.3","144","166","5:52","3:54","51","68","1.16","9.9","11.5","290","50.5 % izquierda / 49.5 % derecha","0.0","--","--","--","7,750","--","--","18.0","No","00:00:20","28","24.0","--","--","--","--","--","--","--","--","00:54:01","00:54:46","633","679"
Carrera,2025-06-20 19:32:00,false,"Vitacura - Sem 7 2/3","12.39","883","01:09:06","152","175","4.4","147","171","5:35","3:36","75","90","1.20","10.9","12.9","279","50.6 % izquierda / 49.4 % derecha","0.0","--","--","--","10,158","--","--","17.0","No","00:00:05.8","27","24.0","--","--","--","--","--","--","--","--","01:08:14","01:13:04","665","710"
Carrera,2025-06-17 19:06:31,false,"Vitacura - Sem1 2/3 - Sem 5-7 1/3","7.62","571","00:45:03","148","167","3.6","150","157","5:55","5:12","42","40","1.12","11.4","12.9","287","50.7 % izquierda / 49.3 % derecha","0.0","--","--","--","6,708","--","--","19.0","No","00:00:02.7","9","26.0","--","--","--","--","--","--","--","--","00:44:19","00:47:05","655","692"
Carrera,2025-06-15 09:11:35,false,"Vitacura - Sem5 3/3","17.08","1,281","01:41:43","154","165","4.6","153","244","5:57","5:22","117","125","1.09","11.6","12.9","277","50.8 % izquierda / 49.2 % derecha","0.0","--","--","--","15,438","--","--","16.0","No","00:03:39.2","18","23.0","--","--","--","--","--","--","--","--","01:41:16","01:46:03","616","749"
Entreno de fuerza,2025-06-14 19:12:41,false,"Fuerza","0.00","283","00:37:46","116","156","1.7","--","--","--","--","--","--","--","--","--","--","--","0.0","--","--","--","192","96","8","20.0","No","00:37:46","1","21.0","--","--","--","--","--","--","--","--","00:27:56","00:37:46","--","--"
Carrera,2025-06-14 18:41:26,false,"Vitacura Carrera","3.85","291","00:23:26","142","153","2.8","149","157","6:05","4:38","25","40","1.11","11.8","13.3","284","50.2 % izquierda / 49.8 % derecha","0.0","--","--","--","3,468","--","--","17.0","No","00:05:12.3","4","26.0","--","--","--","--","--","--","--","--","00:23:13","00:23:26","681","702"
Entreno de fuerza,2025-06-11 20:59:30,false,"Fuerza","0.00","243","00:51:41","93","136","0.6","--","--","--","--","--","--","--","--","--","--","--","0.0","--","--","--","248","124","9","23.0","No","00:51:41","1","26.0","--","--","--","--","--","--","--","--","00:34:06","00:53:41","--","--"
Carrera,2025-06-10 19:11:22,false,"Vitacura - Sem1 2/3 - Sem 5 1/3","7.68","574","00:45:05","146","158","3.5","151","160","5:52","5:26","52","36","1.13","11.8","13.5","279","50.8 % izquierda / 49.2 % derecha","0.0","--","--","--","6,738","--","--","16.0","No","00:00:05.2","9","24.0","--","--","--","--","--","--","--","--","00:44:56","00:45:50","662","705"
Carrera,2025-06-08 09:12:42,false,"Vitacura - Sem3 3/3","11.02","841","01:05:12","154","167","3.9","151","157","5:55","4:56","74","130","1.12","11.7","13.3","287","51.0 % izquierda / 49.0 % derecha","0.0","--","--","--","9,774","--","--","17.0","No","00:01:39.5","12","25.0","--","--","--","--","--","--","--","--","01:04:39","01:05:38","662","750"
Entreno de fuerza,2025-06-07 09:32:40,false,"Fuerza","0.00","319","00:40:03","115","149","2.1","--","--","--","--","--","--","--","--","--","--","--","0.0","--","--","--","296","148","9","21.0","No","00:40:03","1","25.0","--","--","--","--","--","--","--","--","00:35:24","00:41:02","--","--"
Carrera,2025-06-05 19:13:28,false,"Vitacura - Sem3 2/3","8.52","656","00:51:06","152","178","4.0","148","171","6:00","4:08","77","75","1.13","11.1","12.4","281","50.6 % izquierda / 49.4 % derecha","0.0","--","--","--","7,496","--","--","17.0","No","00:00:06.4","23","25.0","--","--","--","--","--","--","--","--","00:50:06","00:52:04","708","767"
Entreno de fuerza,2025-06-04 21:29:42,false,"Fuerza","0.00","186","00:37:28","95","123","0.6","--","--","--","--","--","--","--","--","--","--","--","0.0","--","--","--","162","81","8","23.0","No","00:37:28","1","26.0","--","--","--","--","--","--","--","--","00:27:39","00:39:12","--","--"
Carrera,2025-06-03 19:27:17,false,"Vitacura - Sem3 1/3","8.85","644","00:50:06","151","180","4.1","150","175","5:40","3:39","51","57","1.17","10.9","12.4","276","50.7 % izquierda / 49.3 % derecha","0.0","--","--","--","7,298","--","--","19.0","No","00:00:05.8","42","26.0","--","--","--","--","--","--","--","--","00:49:29","00:55:10","657","699"
Carrera,2025-06-01 09:03:43,false,"Vitacura - Sem1 3/3","10.19","784","01:00:06","158","174","4.2","154","160","5:54","5:16","56","82","1.10","11.6","13.0","278","50.8 % izquierda / 49.2 % derecha","0.0","--","--","--","9,166","--","--","22.0","No","00:00:06.2","12","28.0","--","--","--","--","--","--","--","--","01:00:03","01:00:06","633","714"
Entreno de fuerza,2025-05-31 22:04:02,false,"Fuerza","0.00","143","00:35:02","88","119","0.3","--","--","--","--","--","--","--","--","--","--","--","0.0","--","--","--","116","58","3","24.0","No","00:35:02","1","26.0","--","--","--","--","--","--","--","--","00:32:03","01:01:43","--","--"
Carrera,2025-05-29 20:38:11,false,"Vitacura - 40min END","7.42","540","00:45:04","141","159","3.3","148","177","6:04","5:27","43","64","1.10","11.9","13.4","299","50.2 % izquierda / 49.8 % derecha","0.0","--","--","--","6,612","--","--","16.0","No","00:00:04.4","9","23.0","--","--","--","--","--","--","--","--","00:43:59","00:47:37","641","678"
Carrera,2025-05-25 09:42:13,false,"Vitacura - VAM 5min Optima","7.03","567","00:44:57","157","187","3.9","147","170","6:24","3:38","41","61","1.06","11.8","12.2","284","51.0 % izquierda / 49.0 % derecha","0.0","--","--","--","6,508","--","--","19.0","No","00:00:20","20","28.0","--","--","--","--","--","--","--","--","00:42:50","00:45:02","654","712"
Entreno de fuerza,2025-05-24 18:26:24,false,"Fuerza","0.00","373","00:46:48","117","153","2.1","--","--","--","--","--","--","--","--","--","--","--","0.0","--","--","--","82","41","3","24.0","No","00:46:48","1","27.0","--","--","--","--","--","--","--","--","00:43:17","00:50:01","--","--"
Carrera,2025-05-21 11:02:23,false,"Machalí Carrera","7.80","587","00:48:49","147","161","3.3","152","159","6:16","4:35","74","73","1.05","--","--","--","--","0.0","--","--","--","7,394","--","--","25.0","No","00:04:56.5","8","29.0","--","--","--","--","--","--","--","--","00:48:33","00:49:22","584","637"
Carrera,2025-05-18 08:11:24,true,"Santiago - W16D7-MEDIA MARATÓN","21.18","1,641","01:48:11","174","188","5.0","154","166","5:06","4:22","87","84","1.28","10.1","13.2","282","50.8 % izquierda / 49.2 % derecha","0.0","--","--","--","16,502","--","--","17.0","No","00:00:19.5","23","22.0","--","--","--","--","--","--","--","--","01:48:07","01:48:11","537","619"
Carrera,2025-05-15 19:18:41,false,"Vitacura - W16D4-Trote suave","4.07","312","00:25:06","146","162","3.1","148","154","6:10","5:35","12","16","1.09","12.4","13.7","291","50.5 % izquierda / 49.5 % derecha","0.0","--","--","--","3,672","--","--","22.0","No","00:00:06.1","6","28.0","--","--","--","--","--","--","--","--","00:24:49","00:27:02","681","691"
Carrera,2025-05-13 19:17:44,false,"Vitacura - W16D2-Trote suave","5.05","389","00:30:23","150","166","3.4","151","248","6:01","5:15","31","31","1.10","11.9","13.3","288","50.3 % izquierda / 49.7 % derecha","0.0","--","--","--","4,524","--","--","19.0","No","00:00:23.0","6","26.0","--","--","--","--","--","--","--","--","00:30:10","00:30:34","661","692"
Entreno de fuerza,2025-05-11 16:34:53,false,"Fuerza","0.00","425","00:54:10","117","146","2.2","--","--","--","--","--","--","--","--","--","--","--","0.0","--","--","--","62","31","3","26.0","No","00:54:10","1","30.0","--","--","--","--","--","--","--","--","00:49:55","01:03:54","--","--"
Carrera,2025-05-04 09:12:35,false,"Vitacura - W14D7-Rodaje largo","13.72","1,072","01:20:01","160","174","5.0","152","192","5:50","4:56","81","102","1.13","11.4","13.2","291","50.7 % izquierda / 49.3 % derecha","0.0","--","--","--","12,028","--","--","23.0","No","00:04:35.6","14","31.0","--","--","--","--","--","--","--","--","01:19:30","01:20:01","621","724"
Carrera,2025-05-02 16:40:21,false,"Machalí Carrera","6.36","480","00:36:45","153","176","3.7","147","167","5:47","4:11","69","66","1.15","10.4","12.0","285","50.6 % izquierda / 49.4 % derecha","0.0","--","--","--","5,354","--","--","22.0","No","00:01:14.5","11","27.0","--","--","--","--","--","--","--","--","00:36:31","00:37:04","599","655"
Carrera,2025-04-27 09:38:54,false,"Vitacura - W13D7-Carrera de 10 km","10.01","781","00:50:51","175","185","5.0","154","161","5:05","4:33","66","74","1.29","10.3","13.5","270","51.1 % izquierda / 48.9 % derecha","0.0","--","--","--","7,716","--","--","20.0","No","00:00:01.4","12","28.0","--","--","--","--","--","--","--","--","00:50:50","00:50:51","637","712"
Carrera,2025-04-26 08:36:19,false,"Vitacura Carrera","4.25","327","00:24:54","155","166","3.1","150","156","5:52","5:33","11","51","1.13","11.9","13.7","282","50.6 % izquierda / 49.4 % derecha","0.0","--","--","--","3,700","--","--","19.0","No","00:01:33.0","5","23.0","--","--","--","--","--","--","--","--","00:24:44","00:24:54","648","701"
Carrera,2025-04-26 08:13:07,false,"Vitacura - W13D6-Trote suave","3.31","271","00:20:02","160","171","3.1","151","155","6:04","5:37","47","36","1.10","11.9","13.3","281","50.1 % izquierda / 49.9 % derecha","0.0","--","--","--","2,978","--","--","18.0","No","00:00:02.1","5","23.0","--","--","--","--","--","--","--","--","00:19:44","00:20:02","593","640"
Entreno de fuerza,2025-04-19 10:22:06,false,"Fuerza","0.00","385","00:50:08","113","152","2.1","--","--","--","--","--","--","--","--","--","--","--","0.0","--","--","--","46","23","3","25.0","No","00:50:08","1","29.0","--","--","--","--","--","--","--","--","00:49:12","00:59:00","--","--"
Carrera,2025-04-13 08:52:26,false,"Vitacura - W11D7-Rodaje largo","19.45","1,447","01:50:45","154","172","4.9","153","162","5:42","4:41","177","134","1.15","11.3","13.1","278","50.7 % izquierda / 49.3 % derecha","0.0","--","--","--","16,742","--","--","22.0","No","00:00:30.4","22","32.0","--","--","--","--","--","--","--","--","01:49:32","02:04:12","577","722"
Entreno de fuerza,2025-04-12 18:42:14,false,"Fuerza","0.00","383","00:52:35","112","140","2.0","--","--","--","--","--","--","--","--","--","--","--","0.0","--","--","--","50","25","3","26.0","No","00:52:35","1","28.0","--","--","--","--","--","--","--","--","00:49:51","00:52:35","--","--"
Carrera,2025-04-08 19:24:58,false,"Vitacura - W11D2-Entrenamiento de series","8.17","602","00:45:08","150","170","3.9","152","171","5:31","4:31","109","30","1.19","10.9","13.1","275","50.6 % izquierda / 49.4 % derecha","0.0","--","--","--","6,760","--","--","21.0","No","00:00:07.8","10","27.0","--","--","--","--","--","--","--","--","00:44:21","00:48:05","648","688"
Carrera,2025-04-06 09:21:08,false,"Vitacura - W10D7-Rodaje largo","14.89","1,101","01:26:06","149","165","4.2","153","172","5:47","4:21","93","89","1.13","11.4","13.1","275","50.9 % izquierda / 49.1 % derecha","0.0","--","--","--","13,058","--","--","19.0","No","00:00:24.2","17","25.0","--","--","--","--","--","--","--","--","01:25:33","01:31:14","580","676"
Entreno de fuerza,2025-04-05 09:36:06,false,"Fuerza","0.00","420","00:48:49","121","151","2.3","--","--","--","--","--","--","--","--","--","--","--","0.0","--","--","--","38","19","3","24.0","No","00:48:49","1","26.0","--","--","--","--","--","--","--","--","00:46:12","00:48:49","--","--"
Carrera,2025-04-03 19:24:45,false,"Vitacura - W10D4-Intervalos","6.23","480","00:35:42","153","176","3.7","144","169","5:44","3:52","40","40","1.20","10.5","12.7","284","50.1 % izquierda / 49.9 % derecha","0.0","--","--","--","5,084","--","--","23.0","No","00:01:30","11","27.0","--","--","--","--","--","--","--","--","00:35:22","00:35:42","677","705"
Carrera,2025-04-01 18:58:29,false,"Vitacura - W10D2-Entrenamiento de series","7.10","525","00:40:00","149","166","3.7","151","160","5:38","4:59","39","22","1.18","11.2","13.5","283","50.5 % izquierda / 49.5 % derecha","0.0","--","--","--","5,958","--","--","23.0","No","00:00:35.4","8","27.0","--","--","--","--","--","--","--","--","00:39:34","00:44:37","661","692"
Carrera,2025-03-30 07:33:08,true,"Stgo 21k Marzo 25","21.23","1,547","01:50:20","160","176","5.0","157","167","5:12","4:35","152","154","1.22","10.3","12.8","262","50.8 % izquierda / 49.2 % derecha","0.0","--","--","--","17,150","--","--","19.0","No","00:00:59.2","22","23.0","--","--","--","--","--","--","--","--","01:50:16","01:50:20","606","671"
Entreno de fuerza,2025-03-29 18:20:46,false,"Fuerza","0.00","214","00:38:09","99","129","0.6","--","--","--","--","--","--","--","--","--","--","--","0.0","--","--","--","92","46","3","29.0","No","00:38:09","1","31.0","--","--","--","--","--","--","--","--","00:36:18","00:45:08","--","--"
Carrera,2025-03-27 19:17:42,false,"Vitacura - W09D4-Intervalos","6.39","490","00:36:48","154","175","3.8","144","158","5:46","4:18","37","32","1.18","10.7","12.7","295","50.5 % izquierda / 49.5 % derecha","0.0","--","--","--","5,202","--","--","22.0","No","00:01:30","11","28.0","--","--","--","--","--","--","--","--","00:36:30","00:38:22","686","712"
Carrera,2025-03-25 19:44:59,false,"Vitacura - W09D2-Carrera a ritmo constante","8.03","608","00:45:04","157","170","4.1","150","156","5:37","1:30","104","30","1.19","11.4","13.7","283","50.6 % izquierda / 49.4 % derecha","0.0","--","--","--","6,788","--","--","20.0","No","00:00:04.0","10","27.0","--","--","--","--","--","--","--","--","00:44:40","00:47:01","663","694"
Carrera,2025-03-23 08:57:41,false,"Vitacura - W08D7-Rodaje largo","10.23","785","01:00:05","154","166","4.0","152","158","5:52","5:09","71","81","1.11","12.1","13.7","279","50.5 % izquierda / 49.5 % derecha","0.0","--","--","--","9,046","--","--","21.0","No","00:00:05.2","12","27.0","--","--","--","--","--","--","--","--","01:00:03","01:00:05","587","666"
Entreno de fuerza,2025-03-22 16:23:33,false,"Fuerza","0.00","427","00:51:37","118","153","2.3","--","--","--","--","--","--","--","--","--","--","--","0.0","--","--","--","46","23","3","28.0","No","00:51:37","1","32.0","--","--","--","--","--","--","--","--","00:50:09","00:53:04","--","--"
Carrera,2025-03-20 19:12:46,false,"Vitacura - W08D4-Trote suave","4.82","359","00:27:55","148","165","3.3","151","158","5:48","5:12","87","18","1.14","11.3","13.1","282","50.3 % izquierda / 49.7 % derecha","0.0","--","--","--","4,156","--","--","26.0","No","00:01:54.1","6","29.0","--","--","--","--","--","--","--","--","00:27:10","00:34:07","666","694"
Carrera,2025-03-18 20:34:20,false,"Vitacura - W08D2-Intervalos","5.47","423","00:31:06","158","180","3.7","144","161","5:41","3:49","71","22","1.20","10.5","12.7","280","51.0 % izquierda / 49.0 % derecha","0.0","--","--","--","4,420","--","--","26.0","No","00:01:00","12","31.0","--","--","--","--","--","--","--","--","00:30:52","00:32:41","677","699"
Carrera,2025-03-16 09:58:48,false,"Vitacura - W07D7-Rodaje largo","8.06","610","00:44:05","160","173","4.3","153","160","5:28","4:50","44","43","1.20","10.8","13.2","274","51.4 % izquierda / 48.6 % derecha","0.0","--","--","--","6,660","--","--","24.0","No","00:00:02.5","10","29.0","--","--","--","--","--","--","--","--","00:43:52","00:44:05","633","673"
Entreno de fuerza,2025-03-15 11:57:44,false,"Fuerza","0.00","324","00:48:40","108","137","1.6","--","--","--","--","--","--","--","--","--","--","--","0.0","--","--","--","32","16","1","27.0","No","00:48:40","1","29.0","--","--","--","--","--","--","--","--","00:48:40","00:49:51","--","--"
Carrera,2025-03-12 05:35:51,false,"Vitacura Carrera","7.31","554","00:41:31","151","166","4.0","152","157","5:41","4:50","36","24","1.17","11.2","13.3","279","51.0 % izquierda / 49.0 % derecha","0.0","--","--","--","6,216","--","--","23.0","No","00:01:41.9","8","29.0","--","--","--","--","--","--","--","--","00:41:22","00:41:31","669","703"
Carrera,2025-03-06 20:01:07,false,"Vitacura - 6x6minx2,5desc","7.67","609","00:53:32","144","171","3.8","121","231","6:59","4:29","47","32","1.21","--","--","--","--","0.0","--","--","--","6,562","--","--","24.0","No","00:00:03.8","19","30.0","--","--","--","--","--","--","--","--","00:45:50","00:57:26","663","695"
Carrera,2025-03-04 19:10:41,false,"Vitacura - W06D2-Trote suave","6.98","524","00:40:05","152","170","4.0","150","161","5:44","4:54","36","32","1.16","11.3","13.2","285","50.7 % izquierda / 49.3 % derecha","0.0","--","--","--","5,966","--","--","28.0","No","00:05:32.1","7","31.0","--","--","--","--","--","--","--","--","00:39:20","00:45:38","660","690"
Carrera,2025-03-01 10:08:00,false,"Vitacura - 5x8min x 4","7.43","609","00:50:20","153","169","3.6","141","187","6:47","5:27","91","43","1.04","11.3","12.0","286","51.4 % izquierda / 48.6 % derecha","0.0","--","--","--","6,956","--","--","26.0","No","00:00:07.2","17","29.0","--","--","--","--","--","--","--","--","00:49:07","00:50:20","629","673"
Carrera,2025-02-27 19:24:50,false,"Vitacura Carrera","5.34","406","00:30:56","151","166","3.5","149","154","5:48","5:11","58","22","1.16","11.7","13.8","287","50.7 % izquierda / 49.3 % derecha","0.0","--","--","--","4,538","--","--","27.0","No","00:01:55.8","6","31.0","--","--","--","--","--","--","--","--","00:30:46","00:30:56","682","693"
Entreno de fuerza,2025-02-26 19:15:34,false,"Fuerza","0.00","337","00:43:40","114","143","2.1","--","--","--","--","--","--","--","--","--","--","--","0.0","--","--","--","46","23","1","31.0","No","00:43:40","1","33.0","--","--","--","--","--","--","--","--","00:43:40","00:45:01","--","--"
Entreno de fuerza,2025-02-25 18:58:07,false,"Fuerza","0.00","121","00:16:05","109","132","1.2","--","--","--","--","--","--","--","--","--","--","--","0.0","--","--","--","28","14","1","32.0","No","00:16:05","1","33.0","--","--","--","--","--","--","--","--","00:16:05","00:18:04","--","--"
Carrera,2025-02-24 18:43:56,false,"Vitacura Carrera","5.64","465","00:36:27","156","172","3.5","141","158","6:28","5:14","38","37","1.08","--","--","--","--","0.0","--","--","--","5,174","--","--","31.0","No","00:01:50.3","9","35.0","--","--","--","--","--","--","--","--","00:36:17","00:36:44","674","692"
Carrera,2025-02-22 10:31:51,false,"Vitacura Carrera","5.15","422","00:30:01","167","180","3.9","151","157","5:50","5:10","29","34","1.14","11.5","13.3","277","50.8 % izquierda / 49.3 % derecha","0.0","--","--","--","4,488","--","--","30.0","No","00:00:57.2","6","34.0","--","--","--","--","--","--","--","--","00:29:34","00:30:26","657","692"
Carrera,2025-02-20 19:09:59,false,"Vitacura Carrera","4.67","363","00:26:04","163","177","3.6","150","155","5:35","4:59","15","20","1.19","11.2","13.6","279","51.2 % izquierda / 48.8 % derecha","0.0","--","--","--","3,874","--","--","29.0","No","00:03:52.6","5","31.0","--","--","--","--","--","--","--","--","00:25:50","00:26:04","669","688"
Entreno de fuerza,2025-02-19 19:14:31,false,"Fuerza","0.00","367","00:46:45","115","140","2.1","--","--","--","--","--","--","--","--","--","--","--","0.0","--","--","--","42","21","1","29.0","No","00:46:45","1","31.0","--","--","--","--","--","--","--","--","00:46:45","00:48:05","--","--"
Carrera,2025-02-17 18:38:57,false,"Vitacura Carrera","4.25","337","00:24:19","160","178","3.6","148","240","5:44","5:03","16","17","1.19","11.2","13.4","283","51.1 % izquierda / 48.9 % derecha","0.0","--","--","--","3,546","--","--","30.0","No","00:01:47.3","5","33.0","--","--","--","--","--","--","--","--","00:23:40","00:24:19","679","693"
Carrera,2025-02-09 09:17:51,false,"Vitacura - W02D7-Rodaje largo","4.72","365","00:29:19","148","166","3.1","149","161","6:13","5:35","27","23","1.08","--","--","--","--","0.0","--","--","--","4,358","--","--","28.0","No","00:00:03.8","6","31.0","--","--","--","--","--","--","--","--","00:29:08","00:29:19","675","690"
Entreno de fuerza,2025-02-08 12:00:26,false,"Fuerza","0.00","431","00:38:16","133","156","3.0","--","--","--","--","--","--","--","--","--","--","--","0.0","--","--","--","114","57","1","27.0","No","00:38:16","1","34.0","--","--","--","--","--","--","--","--","00:38:16","00:38:16","--","--"
Carrera,2025-02-07 10:10:25,false,"Machalí - Vuelta Caracol 3","3.84","307","00:28:02","140","157","2.6","140","161","7:18","5:37","28","32","0.98","11.5","11.5","290","50.5 % izquierda / 49.5 % derecha","0.0","--","--","--","3,860","--","--","29.0","No","00:00:02.0","9","33.0","--","--","--","--","--","--","--","--","00:27:59","00:28:02","598","604"
Entreno de fuerza,2025-02-05 20:40:54,false,"Fuerza","0.00","303","00:31:26","123","146","2.3","--","--","--","--","--","--","--","--","--","--","--","0.0","--","--","--","18","9","1","29.0","No","00:31:26","1","32.0","--","--","--","--","--","--","--","--","00:31:26","00:31:26","--","--"
Carrera,2025-02-04 12:56:39,false,"Machalí - Vuelta Caracol 3","4.14","328","00:28:10","143","166","3.0","139","192","6:48","5:17","42","44","1.06","11.1","12.0","282","50.7 % izquierda / 49.3 % derecha","0.0","--","--","--","3,860","--","--","30.0","No","00:00:10.2","9","35.0","--","--","--","--","--","--","--","--","00:28:03","00:28:10","648","660"
Entreno de fuerza,2025-02-03 17:59:56,false,"Fuerza","0.00","189","00:23:55","111","136","1.4","--","--","--","--","--","--","--","--","--","--","--","0.0","--","--","--","8","4","1","31.0","No","00:23:55","1","32.0","--","--","--","--","--","--","--","--","00:23:55","00:23:55","--","--"
Carrera,2025-02-02 10:15:32,false,"Vitacura - Vuelta Caracol 3","4.60","368","00:28:22","153","176","3.4","141","160","6:10","4:35","25","32","1.12","10.8","12.2","338","50.5 % izquierda / 49.5 % derecha","0.0","--","--","--","3,936","--","--","28.0","No","00:00:05.7","10","31.0","--","--","--","--","--","--","--","--","00:28:10","00:28:48","665","693"
Carrera,2025-01-28 19:25:40,false,"Vitacura - Vuelta caracol 2","3.66","291","00:24:28","144","168","3.0","135","156","6:41","5:05","19","23","1.09","10.6","11.8","288","50.3 % izquierda / 49.7 % derecha","0.0","--","--","--","3,222","--","--","31.0","No","00:00:05.6","10","33.0","--","--","--","--","--","--","--","--","00:23:39","00:25:06","682","706"
Carrera,2025-01-26 09:07:02,false,"Puerto Varas - Vuelta caracol 2","3.84","294","00:27:22","136","157","2.5","142","162","7:08","5:07","20","44","0.97","10.9","10.7","278","50.3 % izquierda / 49.7 % derecha","0.0","--","--","--","3,838","--","--","24.0","No","00:00:02.5","10","30.0","--","--","--","--","--","--","--","--","00:27:19","00:27:22","58","79"
Carrera,2025-01-23 06:28:07,false,"Vitacura - Vuelta caracol 2","3.43","267","00:24:11","133","158","2.6","137","158","7:03","5:18","35","23","1.05","10.8","11.5","281","50.4 % izquierda / 49.6 % derecha","0.0","--","--","--","3,224","--","--","22.0","No","00:00:02.6","10","29.0","--","--","--","--","--","--","--","--","00:23:39","00:24:11","700","729"
Carrera,2025-01-18 10:26:08,false,"Machalí - Vuelta nivel caracol","3.06","272","00:21:21","153","175","3.0","135","159","6:59","4:59","18","20","1.04","10.7","11.2","286","50.3 % izquierda / 49.7 % derecha","0.0","--","--","--","2,822","--","--","26.0","No","00:00:17.3","10","32.0","--","--","--","--","--","--","--","--","00:21:09","00:21:22","599","617"
Carrera,2025-01-14 19:04:16,false,"Vitacura - Vuelta nivel caracol","2.91","223","00:20:05","136","165","2.5","133","157","6:54","5:04","56","20","1.08","10.6","11.8","292","49.5 % izquierda / 50.5 % derecha","0.0","--","--","--","2,620","--","--","30.0","No","00:00:01.5","10","32.0","--","--","--","--","--","--","--","--","00:19:56","00:20:05","684","706"
Carrera,2025-01-11 10:22:08,false,"Vitacura - Vuelta nivel caracol","2.90","231","00:20:04","140","163","2.5","134","157","6:55","4:46","24","25","1.05","10.8","11.5","329","50.0 % izquierda / 50.0 % derecha","0.0","--","--","--","2,630","--","--","29.0","No","00:00:01.7","10","31.0","--","--","--","--","--","--","--","--","00:19:47","00:20:04","684","709"
Entreno de fuerza,2025-01-10 21:52:20,false,"Fuerza","0.00","205","00:37:44","95","125","0.9","--","--","--","--","--","--","--","--","--","--","--","0.0","--","--","--","24","12","1","31.0","No","00:37:44","1","33.0","--","--","--","--","--","--","--","--","00:37:44","00:38:03","--","--"
Carrera,2025-01-09 06:32:32,false,"Vitacura - Vuelta nivel caracol","2.82","218","00:21:04","128","154","2.3","133","167","7:28","5:23","40","20","0.99","10.9","11.0","302","50.3 % izquierda / 49.7 % derecha","0.0","--","--","--","2,678","--","--","23.0","No","00:00:03.8","10","29.0","--","--","--","--","--","--","--","--","00:21:03","00:21:04","690","716"
Entreno de fuerza,2025-01-08 18:52:11,false,"Fuerza","0.00","216","00:21:53","124","149","2.2","--","--","--","--","--","--","--","--","--","--","--","0.0","--","--","--","22","11","1","29.0","No","00:21:53","1","31.0","--","--","--","--","--","--","--","--","00:21:53","00:21:53","--","--"
Entreno de fuerza,2025-01-06 21:44:32,false,"Fuerza","0.00","322","00:45:04","107","148","2.1","--","--","--","--","--","--","--","--","--","--","--","0.0","--","--","--","36","18","1","31.0","No","00:45:04","1","33.0","--","--","--","--","--","--","--","--","00:45:04","00:45:04","--","--"
Entreno de fuerza,2025-01-04 09:53:14,false,"Fuerza","0.00","313","00:41:27","109","157","2.4","--","--","--","--","--","--","--","--","--","--","--","0.0","--","--","--","50","25","1","30.0","No","00:41:27","1","32.0","--","--","--","--","--","--","--","--","00:41:27","01:12:14","--","--"
Carrera,2024-12-14 11:24:14,false,"Rancagua - Repeticiones: velocidad","8.99","720","00:59:35","150","185","3.9","137","167","6:38","3:47","89","82","1.07","10.4","11.1","304","51.0 % izquierda / 49.0 % derecha","0.0","--","--","--","8,020","--","--","29.0","No","00:00:00.6","20","35.0","--","--","--","--","--","--","--","--","00:58:31","00:59:35","516","531"
Carrera,2024-12-09 19:03:29,false,"Vitacura - Trote suave","8.35","639","00:46:13","157","173","3.9","154","170","5:32","4:46","46","37","1.17","10.7","12.8","272","50.7 % izquierda / 49.3 % derecha","0.0","--","--","--","7,004","--","--","29.0","No","00:01:13.4","10","31.0","--","--","--","--","--","--","--","--","00:45:29","00:50:23","664","706"
Carrera,2024-12-01 08:58:54,false,"Vitacura - Carrera de progresión","14.22","1,043","01:17:10","151","171","4.2","158","167","5:26","4:23","118","111","1.16","10.2","12.1","264","51.2 % izquierda / 48.8 % derecha","0.0","--","--","--","12,084","--","--","17.0","No","00:00:25.7","17","23.0","--","--","--","--","--","--","--","--","01:16:40","01:19:24","642","753"
Carrera,2024-11-30 09:14:50,false,"Las Condes - Repeticiones de zancada","7.53","447","00:34:20","151","168","3.2","148","185","4:34","3:31","42","43","1.05","10.9","11.1","285","50.4 % izquierda / 49.6 % derecha","0.0","--","--","--","4,882","--","--","24.0","No","00:00:07.4","31","30.0","--","--","--","--","--","--","--","--","00:33:26","00:34:38","663","694"
Carrera,2024-11-28 19:39:14,false,"Vitacura - Repeticiones: velocidad","14.57","1,124","01:33:17","150","181","4.6","138","219","6:24","3:53","76","70","1.09","9.6","10.5","286","51.0 % izquierda / 49.0 % derecha","0.0","--","--","--","12,692","--","--","24.0","No","00:01:53.2","22","29.0","--","--","--","--","--","--","--","--","01:31:18","01:36:51","638","691"
Carrera,2024-11-26 19:30:09,false,"Vitacura - Trote suave","9.15","676","00:50:01","148","160","3.7","154","162","5:28","4:47","47","57","1.19","10.7","12.9","273","50.9 % izquierda / 49.1 % derecha","0.0","--","--","--","7,618","--","--","25.0","No","00:00:00.8","11","31.0","--","--","--","--","--","--","--","--","00:49:43","00:52:50","649","683"
Carrera,2024-11-24 10:28:03,false,"Vitacura - Carrera de progresión","13.99","1,065","01:17:25","158","175","4.1","158","197","5:32","4:23","113","90","1.14","10.6","12.1","267","50.5 % izquierda / 49.5 % derecha","0.0","--","--","--","12,034","--","--","27.0","No","00:00:21.3","16","32.0","--","--","--","--","--","--","--","--","01:16:35","01:27:41","670","699"
Carrera,2024-11-20 21:37:56,false,"Vitacura - Trote suave","8.54","658","00:50:00","147","160","3.4","153","219","5:51","5:05","77","29","1.12","11.0","12.5","279","50.5 % izquierda / 49.5 % derecha","0.0","--","--","--","7,504","--","--","24.0","No","00:01:19.0","10","30.0","--","--","--","--","--","--","--","--","00:48:45","00:51:13","665","702"
Carrera,2024-11-17 09:18:14,false,"Las Condes - Trote suave","7.28","534","00:36:16","158","176","3.9","162","169","4:59","4:20","72","68","1.24","--","--","--","--","0.0","--","--","--","5,858","--","--","18.0","No","00:00:34.5","9","24.0","--","--","--","--","--","--","--","--","00:36:12","00:36:16","905","945"
Carrera,2024-11-16 13:31:20,false,"Vitacura - Repeticiones: velocidad","8.89","677","00:49:05","155","174","3.8","153","195","5:31","3:10","45","39","1.17","10.4","11.9","267","50.8 % izquierda / 49.2 % derecha","0.0","--","--","--","7,306","--","--","22.0","No","00:00:30","30","28.0","--","--","--","--","--","--","--","--","00:48:06","00:52:11","651","691"
Carrera,2024-11-14 19:49:12,false,"Vitacura - Carrera de progresión","7.33","536","00:39:35","151","174","3.6","156","166","5:24","4:14","34","30","1.18","10.0","12.0","265","50.6 % izquierda / 49.4 % derecha","0.0","--","--","--","6,104","--","--","24.0","No","00:00:04.0","10","31.0","--","--","--","--","--","--","--","--","00:39:16","00:41:32","656","673"
Carrera,2024-11-12 06:09:37,false,"Vitacura - Trote suave","9.08","666","00:48:35","152","162","3.7","160","169","5:21","4:41","63","59","1.16","10.1","11.9","261","50.6 % izquierda / 49.4 % derecha","0.0","--","--","--","7,722","--","--","17.0","No","00:03:35.0","10","27.0","--","--","--","--","--","--","--","--","00:48:31","00:48:35","682","733"
Carrera,2024-11-10 09:41:18,false,"Vitacura - Carrera de progresión","8.00","579","00:40:52","157","176","3.8","162","187","5:06","3:58","47","58","1.21","9.7","11.9","253","51.3 % izquierda / 48.7 % derecha","0.0","--","--","--","6,554","--","--","23.0","No","00:00:52.1","10","28.0","--","--","--","--","--","--","--","--","00:40:40","00:43:55","677","737"
Carrera,2024-11-09 18:22:36,false,"Vitacura - Trote suave","7.65","584","00:41:43","159","170","3.7","158","164","5:27","4:38","36","38","1.16","10.4","12.3","268","51.0 % izquierda / 49.0 % derecha","0.0","--","--","--","6,492","--","--","28.0","No","00:01:43.5","9","32.0","--","--","--","--","--","--","--","--","00:41:36","00:41:49","681","712"
Carrera,2024-11-07 19:41:20,false,"Vitacura - Repeticiones: velocidad","10.56","817","01:00:34","156","179","4.2","146","178","5:44","3:47","60","51","1.17","9.8","11.5","283","50.6 % izquierda / 49.4 % derecha","0.0","--","--","--","8,670","--","--","25.0","No","00:00:30","27","30.0","--","--","--","--","--","--","--","--","00:59:27","01:03:31","638","694"
Carrera,2024-11-05 19:29:26,false,"Vitacura - Trote suave","7.63","560","00:43:55","146","161","3.5","153","162","5:45","5:05","52","45","1.13","10.4","12.1","282","50.4 % izquierda / 49.6 % derecha","0.0","--","--","--","6,630","--","--","26.0","No","00:03:26.2","9","29.0","--","--","--","--","--","--","--","--","00:43:33","00:46:21","680","715"
Carrera,2024-11-03 09:30:28,false,"Vitacura - Trote suave","18.72","1,412","01:42:37","159","172","5.0","158","169","5:29","4:41","129","119","1.15","10.5","12.3","267","51.0 % izquierda / 49.0 % derecha","0.0","--","--","--","15,984","--","--","23.0","No","00:02:37.4","20","29.0","--","--","--","--","--","--","--","--","01:41:29","01:51:21","560","680"
Carrera,2024-11-01 18:21:05,false,"Vitacura - Repeticiones de zancada","5.38","409","00:30:08","149","171","3.3","149","190","5:36","3:04","45","24","1.19","9.9","11.5","276","50.3 % izquierda / 49.7 % derecha","0.0","--","--","--","4,340","--","--","23.0","No","00:00:03.5","25","29.0","--","--","--","--","--","--","--","--","00:29:48","00:30:19","679","696"
Carrera,2024-10-31 11:17:17,false,"Vitacura - Carrera con ritmo de meta","9.36","707","00:50:00","160","180","4.2","157","166","5:20","4:21","41","61","1.18","10.5","12.5","264","50.5 % izquierda / 49.5 % derecha","0.0","--","--","--","7,764","--","--","27.0","No","00:00:15.9","12","34.0","--","--","--","--","--","--","--","--","00:49:33","00:56:31","628","691"
Carrera,2024-10-29 19:15:39,false,"Vitacura - Trote suave","7.93","583","00:45:00","145","161","3.5","155","163","5:41","5:11","72","30","1.13","10.8","12.4","276","50.5 % izquierda / 49.5 % derecha","0.0","--","--","--","6,862","--","--","26.0","No","00:03:18.2","9","31.0","--","--","--","--","--","--","--","--","00:44:11","00:51:26","665","693"
Carrera,2024-10-27 10:30:02,false,"Vitacura - Trote suave","12.23","975","01:10:01","162","174","4.3","157","173","5:44","4:47","86","79","1.11","10.8","12.3","269","50.6 % izquierda / 49.4 % derecha","0.0","--","--","--","10,880","--","--","26.0","No","00:02:48.6","13","33.0","--","--","--","--","--","--","--","--","01:09:38","01:13:54","622","697"
Carrera,2024-10-26 08:50:55,false,"Vitacura - Carrera de progresión","7.26","590","00:40:13","165","186","4.2","154","165","5:32","4:10","53","50","1.16","10.6","12.2","267","50.4 % izquierda / 49.6 % derecha","0.0","--","--","--","6,108","--","--","22.0","No","00:00:12.8","10","28.0","--","--","--","--","--","--","--","--","00:39:44","00:42:51","638","695"
Carrera,2024-10-24 19:26:48,false,"Vitacura - Repeticiones: velocidad","8.66","701","00:51:00","153","178","4.0","147","190","5:53","3:11","38","52","1.13","10.4","11.6","273","50.2 % izquierda / 49.8 % derecha","0.0","--","--","--","7,294","--","--","24.0","No","00:00:30","30","28.0","--","--","--","--","--","--","--","--","00:50:38","00:51:18","689","737"
Carrera,2024-10-22 19:37:35,false,"Vitacura - Trote suave","8.01","594","00:46:08","141","158","3.4","153","160","5:46","5:13","47","30","1.14","11.2","12.9","276","50.4 % izquierda / 49.6 % derecha","0.0","--","--","--","6,930","--","--","20.0","No","00:01:08.0","10","28.0","--","--","--","--","--","--","--","--","00:44:50","00:51:07","663","693"
Carrera,2024-10-20 09:55:21,false,"Machalí - Trote suave","15.16","1,196","01:25:41","159","177","4.7","158","169","5:39","4:59","99","87","1.12","10.9","12.4","262","50.5 % izquierda / 49.5 % derecha","0.0","--","--","--","13,428","--","--","19.0","No","00:00:40.7","18","30.0","--","--","--","--","--","--","--","--","01:25:25","01:35:07","527","611"
Carrera,2024-10-18 20:02:01,false,"Machalí - Repeticiones de zancada","4.21","323","00:26:17","137","155","2.9","149","236","6:15","3:39","41","140","1.07","10.5","11.3","275","50.0 % izquierda / 50.0 % derecha","0.0","--","--","--","3,722","--","--","26.0","No","00:00:20","21","29.0","--","--","--","--","--","--","--","--","00:25:04","00:26:24","601","633"
Carrera,2024-10-17 06:01:08,false,"Vitacura - Trote suave","6.82","539","00:39:05","155","166","3.7","155","161","5:44","5:24","37","25","1.13","11.0","12.7","273","50.2 % izquierda / 49.8 % derecha","0.0","--","--","--","5,972","--","--","16.0","No","00:03:16.7","8","26.0","--","--","--","--","--","--","--","--","00:39:02","00:39:05","668","704"
Carrera,2024-10-15 19:12:10,false,"Vitacura - Trote suave","5.98","462","00:32:42","154","169","3.7","154","163","5:28","4:27","33","66","1.19","--","--","--","--","0.0","--","--","--","5,046","--","--","27.0","No","00:02:41.8","7","29.0","--","--","--","--","--","--","--","--","00:32:14","00:35:14","647","678"
Carrera,2024-10-13 10:07:10,false,"Vitacura - Carrera de referencia","1.93","141","00:09:01.6","164","180","3.0","159","167","4:41","4:06","8","22","1.34","9.4","12.9","247","50.9 % izquierda / 49.1 % derecha","0.0","--","--","--","1,418","--","--","20.0","No","00:00:01.6","5","24.0","--","--","--","--","--","--","--","--","00:08:44.6","00:09:08.0","685","720"
Carrera,2024-10-13 09:35:48,false,"Vitacura Carrera","4.67","375","00:27:15","153","166","3.3","154","163","5:50","5:12","50","11","1.11","11.3","12.8","271","50.3 % izquierda / 49.7 % derecha","0.0","--","--","--","4,162","--","--","21.0","No","00:03:34.4","5","26.0","--","--","--","--","--","--","--","--","00:26:45","00:29:07","673","724"
Carrera,2024-10-06 08:02:11,true,"Media Maratón Puma Viña del Mar","21.10","1,614","01:43:12","166","180","5.0","158","167","4:54","4:25","99","105","1.30","9.8","12.9","258","51.3 % izquierda / 48.7 % derecha","0.0","--","--","--","16,240","--","--","17.0","No","00:00:29.0","22","23.0","--","--","--","--","--","--","--","--","01:43:05","01:43:12","9","40"
Carrera,2024-10-05 16:28:46,false,"Viña del Mar Carrera","4.35","339","00:25:00","146","158","3.2","153","177","5:45","5:18","18","13","1.15","11.2","13.0","271","50.2 % izquierda / 49.8 % derecha","0.0","--","--","--","3,800","--","--","24.0","No","00:01:57.2","5","27.0","--","--","--","--","--","--","--","--","00:24:31","00:25:46","15","27"
Carrera,2024-10-03 21:20:58,false,"Vitacura - 30min 2","6.04","468","00:33:54","149","161","3.7","152","159","5:37","4:56","55","27","1.18","11.1","13.2","276","49.9 % izquierda / 50.1 % derecha","0.0","--","--","--","5,016","--","--","23.0","No","00:02:10.8","7","27.0","--","--","--","--","--","--","--","--","00:33:22","00:35:05","654","686"
Carrera,2024-10-01 19:32:59,false,"Vitacura - 30min 1","7.18","550","00:40:51","145","160","3.7","152","156","5:41","5:12","52","38","1.16","11.4","13.4","278","50.2 % izquierda / 49.8 % derecha","0.0","--","--","--","6,138","--","--","19.0","No","00:01:45.7","8","24.0","--","--","--","--","--","--","--","--","00:40:32","00:40:51","631","662"
Carrera,2024-09-29 09:17:13,false,"Vitacura - 1:20","14.74","1,172","01:24:00","156","174","4.8","155","165","5:42","4:34","81","157","1.13","11.5","13.2","267","50.3 % izquierda / 49.7 % derecha","0.0","--","--","--","12,858","--","--","19.0","No","00:00:03.1","22","23.0","--","--","--","--","--","--","--","--","01:23:27","01:29:44","576","673"
Carrera,2024-09-26 19:00:06,false,"Vitacura - 45min 8x100","5.99","478","00:33:21","161","172","3.8","153","159","5:34","5:05","28","88","1.16","11.2","13.2","275","49.8 % izquierda / 50.2 % derecha","0.0","--","--","--","5,054","--","--","25.0","No","00:05:07.0","6","28.0","--","--","--","--","--","--","--","--","00:33:11","00:33:21","637","651"
Carrera,2024-09-15 09:53:45,false,"Vitacura - 1h35min","7.08","543","00:38:10","156","176","3.6","159","166","5:24","4:36","65","35","1.17","10.7","12.6","258","50.5 % izquierda / 49.5 % derecha","0.0","--","--","--","5,966","--","--","21.0","No","00:00:06.0","10","28.0","--","--","--","--","--","--","--","--","00:37:54","00:42:46","648","691"
Carrera,2024-09-10 19:26:09,false,"Vitacura - 50 8X100","8.64","654","00:48:25","150","165","3.5","156","163","5:36","4:58","34","92","1.15","11.0","12.8","265","50.4 % izquierda / 49.6 % derecha","0.0","--","--","--","7,446","--","--","23.0","No","00:03:45.2","9","27.0","--","--","--","--","--","--","--","--","00:47:44","00:50:23","605","652"
Carrera,2024-09-07 17:00:05,false,"Machalí - 3x800acel","7.14","562","00:40:26","153","174","3.5","151","191","5:40","3:49","101","95","1.16","10.2","12.0","277","50.1 % izquierda / 49.9 % derecha","0.0","--","--","--","5,926","--","--","18.0","No","00:00:15.8","24","28.0","--","--","--","--","--","--","--","--","00:38:24","00:42:12","594","670"
Carrera,2024-09-06 06:36:50,false,"Vitacura - 3X1 4X400","9.52","788","00:55:54","157","179","4.0","141","252","5:52","3:52","82","104","1.22","9.8","11.8","271","50.4 % izquierda / 49.6 % derecha","0.0","--","--","--","7,686","--","--","16.0","No","00:01:00","19","24.0","--","--","--","--","--","--","--","--","00:49:13","00:56:46","653","705"
Carrera,2024-09-03 20:20:10,false,"Vitacura - Rodaje 40min","7.81","573","00:40:03","149","160","3.6","161","167","5:08","4:44","48","51","1.21","9.9","12.2","259","50.6 % izquierda / 49.4 % derecha","0.0","--","--","--","6,362","--","--","18.0","No","00:00:03.4","9","24.0","--","--","--","--","--","--","--","--","00:39:50","00:40:17","650","702"
Carrera,2024-09-01 09:14:53,false,"Vitacura Carrera","12.25","949","01:13:12","144","162","3.5","156","170","5:59","4:51","66","84","1.07","11.3","12.3","271","51.1 % izquierda / 48.9 % derecha","0.0","--","--","--","11,328","--","--","21.0","No","00:01:28.1","13","28.0","--","--","--","--","--","--","--","--","01:12:21","01:15:37","602","673"
Carrera,2024-08-29 20:00:01,false,"Las Condes Carrera","2.04","163","00:12:01","153","162","2.2","153","158","5:52","5:27","9","13","1.10","11.8","13.1","272","49.7 % izquierda / 50.3 % derecha","0.0","--","--","--","1,820","--","--","16.0","No","00:00:16.1","3","19.0","--","--","--","--","--","--","--","--","00:11:51","00:12:01","665","670"
Carrera,2024-08-29 19:48:03,false,"TEST VAM","1.63","103","00:06:15.4","170","180","2.4","168","175","3:50","3:31","20","1","1.51","7.9","11.9","239","49.7 % izquierda / 50.3 % derecha","0.0","--","--","--","1,044","--","--","16.0","No","00:02:28.4","2","21.0","--","--","--","--","--","--","--","--","00:06:08","00:06:15.4","669","689"
Carrera,2024-08-29 19:42:39,false,"Las Condes Carrera","0.68","45","00:03:06.9","143","161","1.3","152","165","4:36","4:25","22","--","1.32","9.9","13.3","254","49.1 % izquierda / 50.9 % derecha","0.0","--","--","--","476","--","--","21.0","No","00:00:02.0","3","23.0","--","--","--","--","--","--","--","--","00:03:06.3","00:03:06.9","664","674"
Carrera,2024-08-25 07:35:36,true,"Stgo 21k Agosto 24","21.13","1,565","01:41:13","165","177","5.0","158","169","4:47","4:06","141","158","1.33","9.8","13.2","254","51.0 % izquierda / 49.0 % derecha","0.0","--","--","--","15,868","--","--","15.0","No","00:00:28.2","22","21.0","--","--","--","--","--","--","--","--","01:41:00","01:41:13","654","717"
Carrera,2024-08-23 21:34:57,false,"Vitacura - 4X400","5.98","479","00:36:18","140","158","3.2","142","200","6:04","3:59","73","39","1.15","--","--","--","--","0.0","--","--","--","5,142","--","--","15.0","No","00:00:05.5","14","23.0","--","--","--","--","--","--","--","--","00:33:26","00:37:05","640","662"
Carrera,2024-08-22 21:01:07,false,"Vitacura - 5X1","10.46","791","01:00:48","148","174","3.7","143","168","5:49","3:49","57","60","1.18","10.2","12.3","270","50.6 % izquierda / 49.4 % derecha","0.0","--","--","--","8,560","--","--","17.0","No","00:02:00","16","24.0","--","--","--","--","--","--","--","--","00:57:37","01:00:59","643","697"
Carrera,2024-08-20 19:31:59,false,"Vitacura - 30min 2","5.46","407","00:30:07","144","158","3.1","151","202","5:31","4:53","33","41","1.19","11.4","13.8","277","50.6 % izquierda / 49.4 % derecha","0.0","--","--","--","4,506","--","--","19.0","No","00:00:06.6","7","24.0","--","--","--","--","--","--","--","--","00:29:49","00:31:06","627","660"
Carrera,2024-08-18 09:53:07,false,"Vitacura - Rodaje 55min","10.49","795","00:56:51","150","169","3.9","158","162","5:25","4:29","73","82","1.17","10.6","12.6","265","50.7 % izquierda / 49.3 % derecha","0.0","--","--","--","8,846","--","--","17.0","No","00:00:18.8","14","23.0","--","--","--","--","--","--","--","--","00:56:48","00:56:51","643","725"
Carrera,2024-08-15 20:05:31,false,"Vitacura - 2x2 3x800","11.01","841","01:04:22","149","172","3.8","143","255","5:51","3:53","63","71","1.18","10.2","12.2","278","50.0 % izquierda / 50.0 % derecha","0.0","--","--","--","9,078","--","--","17.0","No","00:01:43.2","17","23.0","--","--","--","--","--","--","--","--","01:00:12","01:04:23","636","704"
Carrera,2024-08-13 20:46:26,false,"Vitacura - Rodaje 40 R2","6.85","524","00:40:04","143","154","3.0","151","155","5:51","5:23","54","40","1.13","11.7","13.4","280","50.2 % izquierda / 49.8 % derecha","0.0","--","--","--","6,008","--","--","20.0","No","00:00:04.1","8","27.0","--","--","--","--","--","--","--","--","00:39:58","00:40:30","655","709"
Carrera,2024-08-11 09:48:16,false,"Vitacura - 1h20 +5x","14.63","1,102","01:17:16","156","173","4.4","156","164","5:17","4:14","89","108","1.21","10.6","13.1","263","50.4 % izquierda / 49.6 % derecha","0.0","--","--","--","11,896","--","--","21.0","No","00:01:08.4","21","28.0","--","--","--","--","--","--","--","--","01:16:52","01:18:33","625","723"
Carrera,2024-08-08 20:18:24,false,"Vitacura - 45min 8x100","11.85","901","01:07:05","145","163","3.7","151","201","5:40","4:07","74","84","1.17","10.9","12.9","275","50.2 % izquierda / 49.8 % derecha","0.0","--","--","--","10,014","--","--","17.0","No","00:00:24.0","16","24.0","--","--","--","--","--","--","--","--","01:05:29","01:09:28","625","696"
Carrera,2024-08-06 20:37:48,false,"Vitacura - Rodaje 50min R2","8.52","656","00:50:11","145","155","3.2","151","161","5:53","5:13","55","72","1.13","11.6","13.3","281","50.2 % izquierda / 49.8 % derecha","0.0","--","--","--","7,510","--","--","22.0","No","00:00:10.8","10","25.0","--","--","--","--","--","--","--","--","00:50:07","00:50:11","638","705"
Carrera,2024-08-04 11:46:23,false,"Vitacura - 15k ritmo","15.02","1,115","01:11:42","165","175","5.0","158","183","4:46","4:16","92","129","1.33","9.6","12.9","260","50.8 % izquierda / 49.2 % derecha","0.0","--","--","--","11,192","--","--","18.0","No","00:00:05.1","16","23.0","--","--","--","--","--","--","--","--","01:11:37","01:11:52","623","739"
Carrera,2024-08-04 11:31:02,false,"Vitacura Carrera","1.28","104","00:07:13.5","149","155","2.4","149","155","5:38","5:19","24","--","1.19","11.3","13.6","274","50.5 % izquierda / 49.5 % derecha","0.0","--","--","--","1,066","--","--","19.0","No","00:01:31.4","2","23.0","--","--","--","--","--","--","--","--","00:07:04.4","00:13:13","673","720"
Carrera,2024-08-01 20:09:38,false,"Vitacura - 3X1,6 2X1","11.68","895","01:04:47","152","176","4.3","147","182","5:33","4:13","89","108","1.20","10.1","12.3","273","50.2 % izquierda / 49.8 % derecha","0.0","--","--","--","9,390","--","--","18.0","No","00:01:30","18","23.0","--","--","--","--","--","--","--","--","01:03:07","01:07:54","623","668"
Carrera,2024-07-30 20:52:25,false,"Vitacura - Rodaje 40min","7.01","538","00:40:25","143","158","3.1","151","158","5:46","4:59","53","40","1.15","--","--","--","--","0.0","--","--","--","6,098","--","--","19.0","No","00:00:24.9","8","27.0","--","--","--","--","--","--","--","--","00:39:59","00:41:23","638","664"
Carrera,2024-07-28 11:16:25,false,"Vitacura - 1:30","17.10","1,276","01:28:34","156","168","4.9","158","179","5:11","4:17","121","102","1.22","9.9","12.2","263","50.6 % izquierda / 49.4 % derecha","0.0","--","--","--","13,890","--","--","21.0","No","00:02:27.3","21","29.0","--","--","--","--","--","--","--","--","01:27:47","01:31:44","624","734"
Carrera,2024-07-26 20:21:21,false,"Vitacura - Rodaje 50min R2","8.38","643","00:50:02","142","156","3.2","152","158","5:58","4:59","75","61","1.11","11.6","13.1","281","50.9 % izquierda / 49.1 % derecha","0.0","--","--","--","7,524","--","--","17.0","No","00:00:02.3","10","25.0","--","--","--","--","--","--","--","--","00:49:47","00:50:39","634","683"
Carrera,2024-07-25 20:26:50,false,"Vitacura - 7X1K","12.30","962","01:10:33","153","175","4.2","146","176","5:44","3:57","87","61","1.17","9.7","11.5","281","50.3 % izquierda / 49.7 % derecha","0.0","--","--","--","10,160","--","--","13.0","No","00:01:26.9","19","26.0","--","--","--","--","--","--","--","--","01:09:12","01:11:05","657","716"
Carrera,2024-07-23 20:32:34,false,"Vitacura - 50min + 8x100m","10.70","798","01:04:02","140","163","3.4","151","219","5:59","4:02","82","85","1.10","10.6","11.8","277","50.1 % izquierda / 49.9 % derecha","0.0","--","--","--","9,526","--","--","19.0","No","00:00:03.9","27","23.0","--","--","--","--","--","--","--","--","01:03:17","01:05:03","608","655"
Carrera,2024-07-21 09:44:14,false,"Vitacura - LongRun90","17.16","1,326","01:30:05","162","177","4.9","158","166","5:15","4:30","131","132","1.21","10.2","12.6","264","50.8 % izquierda / 49.2 % derecha","0.0","--","--","--","14,030","--","--","15.0","No","00:00:04.6","20","23.0","--","--","--","--","--","--","--","--","01:29:22","01:31:11","617","738"
Carrera,2024-07-19 19:33:46,false,"Vitacura - 20min acel","9.05","689","00:50:01","150","170","3.8","156","164","5:32","4:27","56","61","1.16","10.7","12.6","272","50.5 % izquierda / 49.5 % derecha","0.0","--","--","--","7,694","--","--","17.0","No","00:00:01.2","13","24.0","--","--","--","--","--","--","--","--","00:49:36","00:51:51","625","668"
Carrera,2024-07-17 21:34:32,false,"Vitacura - Fartlek 10x","9.50","690","00:53:32","138","157","3.4","156","166","5:38","4:00","66","73","1.14","10.8","12.4","272","50.2 % izquierda / 49.8 % derecha","0.0","--","--","--","8,204","--","--","18.0","No","00:01:00","27","26.0","--","--","--","--","--","--","--","--","00:53:12","00:54:18","621","669"
Carrera,2024-07-16 09:24:39,false,"Las Condes - Rodaje 50min R2","8.66","682","00:50:11","150","159","3.4","154","183","5:48","5:15","60","64","1.12","11.3","12.8","276","50.9 % izquierda / 49.1 % derecha","0.0","--","--","--","7,620","--","--","18.0","No","00:00:11.2","10","23.0","--","--","--","--","--","--","--","--","00:49:53","00:50:50","665","676"
Carrera,2024-07-14 09:10:08,false,"Vitacura - 10K a","10.04","764","00:48:08","169","178","4.9","158","166","4:48","4:11","68","74","1.32","9.3","12.5","261","50.7 % izquierda / 49.3 % derecha","0.0","--","--","--","7,536","--","--","17.0","No","00:00:10.1","11","22.0","--","--","--","--","--","--","--","--","00:48:06","00:48:08","649","724"
Carrera,2024-07-11 20:29:17,false,"Vitacura - 3X1 4X400","11.33","880","01:05:54","149","176","3.9","146","169","5:49","3:49","89","110","1.16","10.4","12.1","286","50.7 % izquierda / 49.3 % derecha","0.0","--","--","--","9,510","--","--","13.0","No","00:01:00","21","18.0","--","--","--","--","--","--","--","--","01:04:26","01:06:40","615","663"
Carrera,2024-07-09 21:28:15,false,"Vitacura - Rodaje 50min R2","9.70","750","00:57:32","146","162","3.3","152","168","5:56","5:11","42","61","1.11","11.4","12.9","283","50.0 % izquierda / 50.0 % derecha","0.0","--","--","--","8,644","--","--","17.0","No","00:01:26.6","11","24.0","--","--","--","--","--","--","--","--","00:56:45","01:00:11","618","665"
Carrera,2024-07-07 21:19:00,false,"Vitacura - 4X","12.47","935","01:09:18","148","168","3.9","153","161","5:34","4:17","120","100","1.17","10.8","12.8","276","50.3 % izquierda / 49.7 % derecha","0.0","--","--","--","10,500","--","--","16.0","No","00:00:59.1","17","24.0","--","--","--","--","--","--","--","--","01:08:51","01:10:54","623","717"
Carrera,2024-07-03 20:27:29,false,"Vitacura - 3X1200 Pista","12.33","912","01:16:21","138","170","3.6","138","244","6:12","3:44","93","85","1.14","9.6","11.0","303","50.2 % izquierda / 49.8 % derecha","0.0","--","--","--","10,342","--","--","15.0","No","00:00:04.3","31","24.0","--","--","--","--","--","--","--","--","01:09:47","01:16:43","644","678"
Carrera,2024-07-02 21:22:49,false,"Vitacura - Rodaje 60min R2","10.15","757","00:58:08","142","155","3.4","151","159","5:44","5:08","78","76","1.16","11.4","13.4","282","50.1 % izquierda / 49.9 % derecha","0.0","--","--","--","8,668","--","--","16.0","No","00:00:54.4","11","25.0","--","--","--","--","--","--","--","--","00:57:21","00:59:46","621","667"
Caminar,2024-07-02 14:02:45,false,"Vitacura Caminar","1.19","79","00:13:44","91","111","0.2","101","113","11:33","9:42","60","11","0.86","--","--","--","--","0.0","--","--","--","1,400","--","--","25.0","No","00:13:44","1","29.0","--","--","--","--","--","--","--","--","00:13:03","00:13:44","750","763"
Carrera,2024-06-30 08:20:29,false,"Vitacura - 1h35min","16.56","1,269","01:25:36","162","175","5.0","157","164","5:10","4:11","112","146","1.23","10.1","12.7","262","50.9 % izquierda / 49.1 % derecha","0.0","--","--","--","13,328","--","--","14.0","No","00:00:36.0","22","23.0","--","--","--","--","--","--","--","--","01:25:25","01:25:36","587","687"
Carrera,2024-06-25 23:29:11,false,"Bilbao - Rodaje 45 R2","10.12","752","00:59:02","142","155","3.4","150","174","5:50","3:53","25","46","1.14","10.7","12.3","277","49.9 % izquierda / 50.1 % derecha","0.0","--","--","--","8,706","--","--","26.0","No","00:00:05.7","27","30.0","--","--","--","--","--","--","--","--","00:58:32","00:59:02","8","26"
Carrera,2024-06-23 11:40:13,false,"Bilbao - 1h30","17.67","1,311","01:33:04","154","172","4.9","157","167","5:16","4:06","58","71","1.21","10.1","12.4","267","50.2 % izquierda / 49.8 % derecha","0.0","--","--","--","14,422","--","--","22.0","No","00:00:19.1","23","29.0","--","--","--","--","--","--","--","--","01:31:59","01:39:04","'-21","13"
Carrera,2024-06-21 15:31:56,false,"Bilbao - 10xsubida","8.85","643","00:50:29","139","163","3.2","154","168","5:42","3:48","117","56","1.13","10.9","12.2","274","49.7 % izquierda / 50.3 % derecha","0.0","--","--","--","7,606","--","--","23.0","No","00:01:00","26","27.0","--","--","--","--","--","--","--","--","00:50:01","00:55:22","17","33"
Carrera,2024-06-19 21:37:08,false,"Bilbao - 8K","13.64","984","01:14:57","149","172","4.1","144","169","5:30","3:57","53","69","1.22","9.7","11.9","272","50.4 % izquierda / 49.6 % derecha","0.0","--","--","--","10,808","--","--","22.0","No","00:01:32.8","21","28.0","--","--","--","--","--","--","--","--","01:13:10","01:16:33","'-50","'-20"
Carrera,2024-06-18 09:28:16,false,"Bilbao - 2x","9.41","713","00:52:05","151","165","3.7","154","162","5:32","4:38","29","147","1.18","10.4","12.4","270","50.0 % izquierda / 50.0 % derecha","0.0","--","--","--","7,918","--","--","26.0","No","00:00:05.1","13","29.0","--","--","--","--","--","--","--","--","00:51:04","00:52:05","1","14"
Carrera,2024-06-14 19:29:03,false,"Vitacura - 8X800","14.00","1,109","01:20:30","151","182","4.5","144","205","5:45","4:00","134","109","1.18","--","--","--","--","0.0","--","--","--","11,578","--","--","15.0","No","00:00:06.5","25","25.0","--","--","--","--","--","--","--","--","01:16:04","01:25:24","617","665"
Carrera,2024-06-12 19:43:42,false,"Vitacura - Fartlek 5x","8.78","659","00:46:46","152","176","3.9","154","165","5:20","2:35","103","45","1.22","--","--","--","--","0.0","--","--","--","7,210","--","--","17.0","No","00:00:04.5","17","25.0","--","--","--","--","--","--","--","--","00:46:21","00:48:04","634","663"
Carrera,2024-06-11 20:30:50,false,"Vitacura - Rodaje 50min R2","9.04","677","00:50:02","149","165","3.6","156","161","5:32","4:47","45","55","1.16","--","--","--","--","0.0","--","--","--","7,762","--","--","17.0","No","00:00:02","11","24.0","--","--","--","--","--","--","--","--","00:49:44","00:50:35","604","636"
Caminar,2024-06-10 13:37:50,false,"Vitacura Caminar","1.17","85","00:13:05","104","118","0.3","103","115","11:09","9:30","71","4","0.87","--","--","--","--","0.0","--","--","--","1,350","--","--","26.0","No","00:13:05","1","31.0","--","--","--","--","--","--","--","--","00:12:27","00:13:05","761","776"
Carrera,2024-06-09 10:02:35,false,"Vitacura - 1 0 K A E R Ó B I C O","10.02","774","00:55:42","157","168","4.0","157","163","5:34","5:01","67","54","1.15","--","--","--","--","0.0","--","--","--","8,724","--","--","18.0","No","00:00:06.2","11","23.0","--","--","--","--","--","--","--","--","00:55:24","00:55:49","601","668"
Carrera,2024-06-08 09:09:04,false,"Vitacura - 3x800acel","7.38","571","00:40:46","157","176","3.7","152","228","5:31","4:13","35","46","1.18","--","--","--","--","0.0","--","--","--","6,148","--","--","18.0","No","00:00:03.9","24","23.0","--","--","--","--","--","--","--","--","00:40:35","00:41:03","631","658"
Carrera,2024-06-05 19:39:16,false,"Vitacura - 3X1 4X400","12.50","943","01:10:28","152","173","4.3","150","214","5:38","3:26","72","109","1.16","--","--","--","--","0.0","--","--","--","10,626","--","--","17.0","No","00:00:02.2","23","24.0","--","--","--","--","--","--","--","--","01:10:14","01:10:28","637","663"
Caminar,2024-06-05 13:54:26,false,"Vitacura Caminar","1.00","67","00:10:33","99","111","0.3","106","115","10:34","9:39","6","5","0.89","--","--","--","--","0.0","--","--","--","1,144","--","--","27.0","No","00:10:33","1","28.0","--","--","--","--","--","--","--","--","00:10:10","00:11:14","782","788"
Carrera,2024-06-04 19:33:53,false,"Vitacura - Rodaje 40min","6.83","517","00:40:06","150","164","3.2","154","159","5:52","5:12","27","71","1.11","--","--","--","--","0.0","--","--","--","6,118","--","--","18.0","No","00:00:05.7","8","25.0","--","--","--","--","--","--","--","--","00:39:31","00:40:06","625","656"
Carrera,2024-06-02 10:38:54,false,"Las Condes - Rodaje 50min R2","9.53","705","00:50:02","155","166","4.1","155","161","5:15","4:57","50","92","1.23","--","--","--","--","0.0","--","--","--","7,692","--","--","19.0","No","00:00:01.9","11","24.0","--","--","--","--","--","--","--","--","00:49:50","00:50:34","665","675"
Senderismo,2024-06-01 10:11:59,false,"Vitacura Senderismo","6.17","669","01:45:59","110","159","2.7","88","239","17:10","7:30","355","376","0.66","--","--","--","--","0.0","--","--","--","10,338","--","--","23.0","No","01:45:59","1","33.0","--","--","--","--","--","--","--","--","01:29:03","01:56:48","1,032","1,282"
Carrera,2024-05-31 19:14:33,false,"Vitacura - 8x30seg","7.46","571","00:42:26","147","160","3.6","154","167","5:41","3:53","52","52","1.14","--","--","--","--","0.0","--","--","--","6,472","--","--","14.0","No","00:00:25.6","23","24.0","--","--","--","--","--","--","--","--","00:42:22","00:42:26","640","660"
Pilates,2024-05-30 19:26:10,false,"Pilates","0.00","256","00:49:11","96","123","0.6","--","--","--","--","--","--","0.00","--","--","--","--","0.0","--","--","--","--","--","1","25.0","No","00:49:11","1","28.0","--","--","--","--","--","--","--","--","00:49:11","00:49:11","--","--"
Carrera,2024-05-29 19:19:37,false,"Vitacura - Fartlek 3x","8.99","673","00:48:07","152","170","4.1","155","165","5:21","4:01","55","64","1.21","--","--","--","--","0.0","--","--","--","7,424","--","--","17.0","No","00:00:06.9","16","26.0","--","--","--","--","--","--","--","--","00:47:49","00:49:16","634","669"
Carrera,2024-05-28 19:15:44,false,"Vitacura - Rodaje 50min R2","8.67","661","00:50:03","147","164","3.7","154","163","5:46","5:13","49","43","1.12","--","--","--","--","0.0","--","--","--","7,654","--","--","19.0","No","00:00:02.6","10","26.0","--","--","--","--","--","--","--","--","00:50:01","00:50:03","649","682"
Carrera,2024-05-26 10:03:18,false,"Vitacura Carrera","3.83","366","00:27:59","154","174","3.2","136","243","7:18","4:30","53","313","1.00","--","--","--","--","0.0","--","--","--","4,136","--","--","19.0","No","00:04:31.7","4","22.0","--","--","--","--","--","--","--","--","00:27:01","00:27:59","1,067","1,328"
Carrera,2024-05-26 09:53:55,false,"Vitacura - Rodaje 60min R2","0.43","131","00:09:05.8","158","168","2.5","89","222","21:12","6:19","107","2","0.53","--","--","--","--","0.0","--","--","--","810","--","--","19.0","No","00:00:12.9","2","24.0","--","--","--","--","--","--","--","--","00:07:27.9","00:09:05.8","1,225","1,332"
Carrera,2024-05-24 18:33:11,false,"Vitacura - Rodaje 40min","7.65","604","00:41:30","155","169","3.9","156","163","5:25","4:55","58","47","1.18","--","--","--","--","0.0","--","--","--","6,460","--","--","16.0","No","00:01:29.7","9","26.0","--","--","--","--","--","--","--","--","00:41:13","00:42:36","741","771"
Pilates,2024-05-23 19:17:17,false,"Pilates","0.00","311","01:02:57","93","134","0.6","--","--","--","--","--","--","0.00","--","--","--","--","0.0","--","--","--","--","--","1","24.0","No","01:02:57","1","27.0","--","--","--","--","--","--","--","--","01:02:57","01:02:57","--","--"
Carrera,2024-05-22 19:21:26,false,"Vitacura - 4X4min progesivo","8.05","629","00:44:29","153","175","3.8","156","165","5:31","4:15","93","46","1.16","--","--","--","--","0.0","--","--","--","6,960","--","--","12.0","No","00:02:34.9","10","26.0","--","--","--","--","--","--","--","--","00:43:43","00:47:02","692","727"
Carrera,2024-05-21 10:42:32,false,"Machalí - Rodaje 50min R2","8.88","707","00:49:01","157","170","3.9","157","168","5:31","4:54","92","70","1.16","--","--","--","--","0.0","--","--","--","7,688","--","--","12.0","No","00:04:51.8","9","27.0","--","--","--","--","--","--","--","--","00:48:50","00:49:01","601","627"
Carrera,2024-05-18 11:22:53,false,"Machalí Carrera","1.70","148","00:09:58.9","167","182","2.5","160","214","5:51","5:32","40","--","1.07","--","--","--","--","0.0","--","--","--","1,592","--","--","21.0","No","00:04:09.0","2","26.0","--","--","--","--","--","--","--","--","00:09:58.8","00:09:58.9","567","609"
Carrera,2024-05-18 10:37:30,false,"Machalí Carrera","7.12","564","00:37:30","160","175","4.0","158","165","5:16","4:23","63","78","1.20","--","--","--","--","0.0","--","--","--","5,912","--","--","18.0","No","00:00:33.3","8","27.0","--","--","--","--","--","--","--","--","00:37:28","00:44:12","570","663"
Carrera,2024-05-16 19:08:11,false,"Vitacura Carrera","7.15","553","00:40:49","145","160","3.3","155","161","5:43","4:56","107","66","1.13","--","--","--","--","0.0","--","--","--","6,330","--","--","16.0","No","00:00:53.0","8","25.0","--","--","--","--","--","--","--","--","00:40:27","00:42:07","688","720"
Carrera,2024-05-13 20:00:28,false,"Vitacura Carrera","5.11","383","00:26:31","149","170","3.3","157","163","5:11","4:17","53","41","1.23","--","--","--","--","0.0","--","--","--","4,156","--","--","23.0","No","00:00:32.8","6","24.0","--","--","--","--","--","--","--","--","00:26:14","00:27:00","661","687"
Carrera,2024-05-08 20:23:50,false,"Bilbao Carrera","8.02","578","00:37:06","161","176","4.0","160","167","4:38","4:08","35","40","1.33","9.4","12.6","250","50.5 % izquierda / 49.5 % derecha","0.0","--","--","--","5,864","--","--","22.0","No","00:00:03.4","9","27.0","--","--","--","--","--","--","--","--","00:36:48","00:44:14","9","29"
Carrera,2024-05-04 09:33:25,false,"Bilbao Carrera","10.01","782","00:52:55","157","174","4.2","159","165","5:17","4:23","97","79","1.19","9.9","12.1","262","50.2 % izquierda / 49.8 % derecha","0.0","--","--","--","8,360","--","--","20.0","No","00:00:04.1","11","27.0","--","--","--","--","--","--","--","--","00:52:43","00:52:55","11","38"
Carrera,2024-05-01 11:48:41,false,"Bilbao Carrera","7.84","599","00:43:42","146","162","3.3","159","163","5:35","5:01","97","39","1.13","10.4","12.0","268","50.5 % izquierda / 49.5 % derecha","0.0","--","--","--","6,842","--","--","25.0","No","00:04:20.4","8","29.0","--","--","--","--","--","--","--","--","00:43:35","00:43:42","'-7","26"
Carrera,2024-04-28 09:21:12,true,"Madrid - Media Madrid","21.35","1,650","01:46:17","165","179","5.0","162","169","4:59","4:11","177","212","1.24","9.2","11.7","259","50.7 % izquierda / 49.3 % derecha","0.0","--","--","--","17,020","--","--","16.0","No","00:00:28.4","23","28.0","--","--","--","--","--","--","--","--","01:46:11","01:46:19","607","718"
Carrera,2024-04-24 20:28:23,false,"Bilbao - 5X1","11.51","877","01:02:52","151","171","3.9","153","219","5:28","3:54","37","46","1.18","9.7","11.5","284","50.2 % izquierda / 49.8 % derecha","0.0","--","--","--","9,516","--","--","17.0","No","00:00:05.1","17","24.0","--","--","--","--","--","--","--","--","01:02:44","01:02:52","10","28"
Carrera,2024-04-23 19:28:38,false,"Bilbao - 30' rodaje Z2","8.81","688","00:50:03","148","158","3.4","157","162","5:41","4:41","50","45","1.12","10.6","12.1","269","50.2 % izquierda / 49.8 % derecha","0.0","--","--","--","7,784","--","--","18.0","No","00:00:02.8","11","26.0","--","--","--","--","--","--","--","--","00:49:54","00:50:03","6","32"
Carrera,2024-04-21 09:25:32,false,"Pamplona Carrera","8.98","704","00:50:21","151","164","3.6","158","240","5:36","4:44","115","93","1.12","10.0","11.3","270","50.4 % izquierda / 49.6 % derecha","0.0","--","--","--","7,904","--","--","18.0","No","00:01:02.6","11","30.0","--","--","--","--","--","--","--","--","00:49:35","00:53:15","430","485"
Carrera,2024-04-17 19:19:34,false,"Bilbao - 2x2 3x800","6.13","460","00:32:18","151","166","3.4","154","163","5:16","4:29","14","52","1.22","10.0","12.4","268","50.3 % izquierda / 49.7 % derecha","0.0","--","--","--","4,936","--","--","18.0","No","00:00:27.8","8","24.0","--","--","--","--","--","--","--","--","00:32:08","00:32:18","3","26"
Carrera,2024-04-14 08:55:28,false,"Bilbao - 1:20","15.36","1,178","01:20:04","156","172","4.6","162","203","5:13","4:27","93","101","1.18","9.8","11.8","258","50.5 % izquierda / 49.5 % derecha","0.0","--","--","--","12,812","--","--","21.0","No","00:00:04.2","22","28.0","--","--","--","--","--","--","--","--","01:19:50","01:20:04","4","45"
Carrera,2024-04-13 09:49:19,false,"Bilbao - 2x6x400","8.69","674","00:47:40","152","173","3.5","155","180","5:29","3:53","23","40","1.16","9.8","11.5","265","50.0 % izquierda / 50.0 % derecha","0.0","--","--","--","7,334","--","--","23.0","No","00:00:06.9","16","27.0","--","--","--","--","--","--","--","--","00:47:08","00:47:40","3","26"
Carrera,2024-04-10 20:35:11,false,"Bilbao - Rodaje 45 R2","11.45","856","00:59:11","152","166","4.2","157","168","5:10","3:52","107","45","1.24","9.4","11.8","272","50.3 % izquierda / 49.7 % derecha","0.0","--","--","--","9,260","--","--","19.0","No","00:00:08.0","28","25.0","--","--","--","--","--","--","--","--","00:59:01","00:59:11","4","26"
Carrera,2024-04-09 19:55:10,false,"Bilbao - Rodaje 50min R2","9.76","753","00:50:03","158","170","4.2","159","164","5:08","1:03","105","50","1.24","9.8","12.4","261","50.3 % izquierda / 49.7 % derecha","0.0","--","--","--","7,858","--","--","21.0","No","00:00:03.2","11","28.0","--","--","--","--","--","--","--","--","00:49:58","00:50:03","'-12","27"
Entreno de fuerza,2024-04-08 20:10:12,false,"Fuerza","0.00","331","00:41:20","123","149","2.1","--","--","--","--","--","--","--","--","--","--","--","0.0","--","--","--","28","14","1","23.0","No","00:41:20","1","26.0","--","--","--","--","--","--","--","--","00:41:20","00:41:20","--","--"
Carrera,2024-04-07 11:30:19,false,"Guecho Carrera","11.03","854","01:08:55","139","151","3.1","156","171","6:15","4:32","103","52","1.03","11.5","12.1","275","50.3 % izquierda / 49.7 % derecha","0.0","--","--","--","10,648","--","--","18.0","No","00:00:24.8","12","25.0","--","--","--","--","--","--","--","--","01:08:15","01:11:16","2","15"
Carrera,2024-04-05 18:45:56,false,"Bilbao - 8X1min subida","7.99","629","00:48:12","147","167","3.3","158","169","6:02","4:26","112","91","1.03","11.0","11.2","275","50.6 % izquierda / 49.4 % derecha","0.0","--","--","--","7,460","--","--","28.0","No","00:00:15.3","23","30.0","--","--","--","--","--","--","--","--","00:48:05","00:52:47","2","44"
Entreno de fuerza,2024-04-05 17:55:32,false,"Fuerza","0.00","480","00:38:43","140","164","2.8","--","--","--","--","--","--","--","--","--","--","--","0.0","--","--","--","24","12","1","27.0","No","00:38:43","1","28.0","--","--","--","--","--","--","--","--","00:38:43","00:38:43","--","--"
Carrera,2024-04-04 21:30:35,false,"Bilbao - 3X1,6 2X1","11.80","915","01:04:05","155","175","4.2","154","181","5:26","3:53","32","47","1.18","9.4","11.2","264","50.4 % izquierda / 49.6 % derecha","0.0","--","--","--","9,756","--","--","26.0","No","00:01:30","18","28.0","--","--","--","--","--","--","--","--","01:03:58","01:04:05","10","29"
Entreno de fuerza,2024-04-03 20:00:19,false,"Fuerza","0.00","111","00:13:42","112","136","1.2","--","--","--","--","--","--","--","--","--","--","--","0.0","--","--","--","56","28","2","26.0","No","00:13:42","1","27.0","--","--","--","--","--","--","--","--","00:13:40","00:36:45","--","--"
Carrera,2024-04-02 18:55:16,false,"Bilbao - Rodaje 40 R2","6.99","542","00:40:04","145","160","3.1","156","163","5:44","4:56","91","40","1.12","10.9","12.4","267","50.1 % izquierda / 49.9 % derecha","0.0","--","--","--","6,216","--","--","21.0","No","00:00:03.5","8","28.0","--","--","--","--","--","--","--","--","00:39:57","00:40:04","17","35"
Carrera,2024-03-31 21:42:01,false,"Bilbao - 1:30","17.20","1,291","01:30:03","155","172","4.8","161","181","5:14","4:23","82","61","1.18","9.4","11.3","263","50.4 % izquierda / 49.6 % derecha","0.0","--","--","--","14,396","--","--","16.0","No","00:00:02.6","22","26.0","--","--","--","--","--","--","--","--","01:29:49","01:30:03","9","46"
Carrera,2024-03-29 10:38:04,false,"Bilbao - Rodaje 50min R2","8.88","683","00:48:58","148","158","3.5","158","172","5:31","5:05","31","32","1.15","10.2","12.0","267","50.7 % izquierda / 49.3 % derecha","0.0","--","--","--","7,674","--","--","21.0","No","00:04:57.2","9","26.0","--","--","--","--","--","--","--","--","00:48:35","00:48:58","0","13"
Carrera,2024-03-28 10:15:46,false,"Bilbao - 7X1K","13.33","1,044","01:15:44","154","174","4.2","152","240","5:41","4:06","123","118","1.15","9.4","10.9","276","50.8 % izquierda / 49.2 % derecha","0.0","--","--","--","11,474","--","--","19.0","No","00:00:06.6","21","24.0","--","--","--","--","--","--","--","--","01:13:33","01:15:59","11","28"
Entreno de fuerza,2024-03-27 19:56:54,false,"Fuerza","0.00","351","00:33:28","126","155","2.2","--","--","--","--","--","--","--","--","--","--","--","0.0","--","--","--","18","9","1","24.0","No","00:33:28","1","27.0","--","--","--","--","--","--","--","--","00:33:28","00:33:28","--","--"
Carrera,2024-03-26 19:59:18,false,"Bilbao - 50 8X100","11.68","880","01:03:53","149","163","3.9","157","195","5:28","3:47","43","279","1.14","9.8","11.3","263","50.4 % izquierda / 49.6 % derecha","0.0","--","--","--","9,886","--","--","16.0","No","00:00:03.8","28","25.0","--","--","--","--","--","--","--","--","01:03:24","01:04:04","16","50"
Entreno de fuerza,2024-03-25 19:56:35,false,"Fuerza","0.00","385","00:42:30","127","153","2.3","--","--","--","--","--","--","--","--","--","--","--","0.0","--","--","--","16","8","1","23.0","No","00:42:30","1","26.0","--","--","--","--","--","--","--","--","00:42:30","00:42:30","--","--"
Carrera,2024-03-24 08:38:20,false,"Bilbao - LongRun90","16.98","1,299","01:30:11","154","171","4.6","163","171","5:19","4:31","64","74","1.16","9.8","11.6","258","50.8 % izquierda / 49.2 % derecha","0.0","--","--","--","14,562","--","--","20.0","No","00:00:10.6","19","26.0","--","--","--","--","--","--","--","--","01:30:02","01:30:11","30","45"
Carrera,2024-03-22 20:38:32,false,"Bilbao - 20min acel","8.87","682","00:50:13","149","167","3.5","158","164","5:40","4:23","40","76","1.11","10.1","11.4","270","50.1 % izquierda / 49.9 % derecha","0.0","--","--","--","7,874","--","--","21.0","No","00:00:13.1","13","29.0","--","--","--","--","--","--","--","--","00:49:56","00:50:13","5","30"
Entreno de fuerza,2024-03-21 18:45:18,false,"Fuerza","0.00","412","00:40:43","129","170","2.4","--","--","--","--","--","--","--","--","--","--","--","0.0","--","--","--","30","15","1","23.0","No","00:40:43","1","27.0","--","--","--","--","--","--","--","--","00:40:43","00:51:45","--","--"
Carrera,2024-03-19 19:47:41,false,"Bilbao - Rodaje 50min R2","7.55","465","00:35:37","143","152","3.0","158","166","4:43","0:49","15","36","1.07","10.8","11.8","270","50.4 % izquierda / 49.6 % derecha","0.0","--","--","--","5,584","--","--","20.0","No","00:00:15.7","7","28.0","--","--","--","--","--","--","--","--","00:35:26","00:35:37","14","26"
Entreno de fuerza,2024-03-18 19:38:30,false,"Fuerza","0.00","470","00:44:30","132","161","2.6","--","--","--","--","--","--","--","--","--","--","--","0.0","--","--","--","234","117","2","26.0","No","00:44:30","1","28.0","--","--","--","--","--","--","--","--","00:44:27","00:59:31","--","--"
Carrera,2024-03-17 20:27:23,true,"Bilbao - 10K a","10.02","753","00:48:28","162","173","4.6","163","175","4:50","4:15","20","47","1.28","9.1","11.8","251","50.9 % izquierda / 49.1 % derecha","0.0","--","--","--","7,836","--","--","22.0","No","00:00:04.9","11","27.0","--","--","--","--","--","--","--","--","00:48:19","00:48:28","12","30"
Entreno de fuerza,2024-03-16 22:15:03,false,"Fuerza","0.00","216","00:27:31","110","138","1.1","--","--","--","--","--","--","--","--","--","--","--","0.0","--","--","--","26","13","3","27.0","No","00:27:31","1","27.0","--","--","--","--","--","--","--","--","00:14:54","00:27:31","--","--"
Carrera,2024-03-15 20:10:52,false,"Bilbao - 3x800acel","7.60","579","00:40:30","154","174","3.8","156","169","5:20","4:02","14","30","1.18","9.6","11.5","265","50.0 % izquierda / 50.0 % derecha","0.0","--","--","--","6,222","--","--","21.0","No","00:00:04.3","25","25.0","--","--","--","--","--","--","--","--","00:40:02","00:41:40","4","26"
Carrera,2024-03-13 19:32:31,false,"Bilbao - 3X1 4X400","12.46","973","01:08:28","156","178","4.5","157","201","5:30","3:41","29","46","1.15","9.6","11.1","275","50.7 % izquierda / 49.3 % derecha","0.0","--","--","--","10,636","--","--","21.0","No","00:00:25.7","22","25.0","--","--","--","--","--","--","--","--","01:08:19","01:08:28","67","87"
Carrera,2024-03-12 19:35:00,false,"Bilbao - Rodaje 50min R2","9.11","693","00:50:03","149","164","3.7","162","167","5:30","4:21","32","34","1.12","10.0","11.4","267","51.0 % izquierda / 49.0 % derecha","0.0","--","--","--","8,032","--","--","20.0","No","00:00:03.4","11","24.0","--","--","--","--","--","--","--","--","00:49:52","00:50:49","3","26"
Carrera,2024-03-10 10:22:09,false,"Bilbao - 1:30h ond","14.96","1,170","01:20:16","160","177","5.0","163","180","5:22","1:27","76","91","1.14","9.5","11.0","261","50.8 % izquierda / 49.2 % derecha","0.0","--","--","--","12,964","--","--","21.0","No","00:00:00.4","18","27.0","--","--","--","--","--","--","--","--","01:19:49","01:22:38","'-12","28"
Carrera,2024-03-08 15:52:50,false,"Bilbao - 8X800","8.32","670","00:45:07","161","181","4.3","156","173","5:25","4:04","48","58","1.17","9.5","11.2","277","50.4 % izquierda / 49.6 % derecha","0.0","--","--","--","6,938","--","--","21.0","No","00:00:01.2","15","26.0","--","--","--","--","--","--","--","--","00:44:50","00:45:32","90","117"
Entreno de fuerza,2024-03-07 20:48:46,false,"Fuerza","0.00","194","00:25:00","109","130","0.9","--","--","--","--","--","--","--","--","--","--","--","0.0","--","--","--","128","64","3","24.0","No","00:25:00","1","27.0","--","--","--","--","--","--","--","--","00:23:12","00:25:19","--","--"
Carrera,2024-03-06 20:54:12,false,"Bilbao - Fartlek 5x","8.98","699","00:50:05","152","170","3.8","162","184","5:35","4:27","27","25","1.11","10.1","11.4","265","50.5 % izquierda / 49.5 % derecha","0.0","--","--","--","8,008","--","--","18.0","No","00:00:05.3","17","27.0","--","--","--","--","--","--","--","--","00:49:57","00:50:05","18","32"
Carrera,2024-03-05 20:26:32,false,"Bilbao - Rodaje 50min R2","9.49","732","00:50:07","157","170","4.3","157","165","5:17","3:50","63","47","1.21","10.3","12.6","263","50.5 % izquierda / 49.5 % derecha","0.0","--","--","--","7,826","--","--","18.0","No","00:00:07.2","11","22.0","--","--","--","--","--","--","--","--","00:50:02","00:50:07","6","32"
Carrera,2024-03-03 11:34:51,false,"Bilbao - Rodaje 50min R2","9.64","740","00:50:05","158","172","4.3","160","172","5:12","4:38","30","51","1.21","9.9","12.2","258","50.8 % izquierda / 49.2 % derecha","0.0","--","--","--","7,926","--","--","15.0","No","00:00:04.9","11","26.0","--","--","--","--","--","--","--","--","00:49:49","00:50:52","3","28"
Entreno de fuerza,2024-03-02 20:49:52,false,"Fuerza","0.00","308","00:39:38","114","152","1.8","--","--","--","--","--","--","--","--","--","--","--","0.0","--","--","--","176","88","4","28.0","No","00:39:38","1","29.0","--","--","--","--","--","--","--","--","00:35:34","00:39:38","--","--"
Carrera,2024-03-01 15:49:40,false,"Bilbao - 8x30seg","6.92","563","00:42:07","151","175","3.4","158","178","6:05","3:57","66","160","1.04","11.2","11.7","272","50.2 % izquierda / 49.8 % derecha","0.0","--","--","--","6,570","--","--","21.0","No","00:00:06.6","23","26.0","--","--","--","--","--","--","--","--","00:41:54","00:42:07","17","43"
Carrera,2024-02-28 20:19:18,false,"Bilbao - Fartlek 3x","8.63","654","00:48:08","151","173","3.7","158","165","5:35","4:20","20","51","1.13","--","--","--","--","0.0","--","--","--","7,580","--","--","18.0","No","00:00:07.5","16","23.0","--","--","--","--","--","--","--","--","00:47:56","00:48:08","'-0","29"
Carrera,2024-02-27 19:09:52,false,"Bilbao - Rodaje 50min R2","9.18","711","00:50:03","152","166","4.0","155","163","5:27","4:29","237","66","1.18","--","--","--","--","0.0","--","--","--","7,772","--","--","19.0","No","00:00:03.1","11","27.0","--","--","--","--","--","--","--","--","00:49:38","00:50:51","8","56"
Entreno de fuerza,2024-02-26 21:13:45,false,"Fuerza","0.00","331","00:38:08","116","151","1.9","--","--","--","--","--","--","--","--","--","--","--","0.0","--","--","--","64","32","3","26.0","No","00:38:08","1","28.0","--","--","--","--","--","--","--","--","00:36:02","00:38:08","--","--"
Carrera,2024-02-25 10:28:15,false,"Bilbao Carrera","9.41","742","00:56:05","147","166","3.6","158","171","5:58","5:15","56","46","1.06","--","--","--","--","0.0","--","--","--","8,902","--","--","22.0","No","00:02:17.0","10","27.0","--","--","--","--","--","--","--","--","00:55:27","01:00:28","78","94"
Carrera,2024-02-24 10:06:54,false,"Bilbao - 30min 2","5.53","438","00:30:09","162","172","3.5","155","164","5:27","4:59","18","28","1.19","--","--","--","--","0.0","--","--","--","4,636","--","--","21.0","No","00:00:09.3","7","26.0","--","--","--","--","--","--","--","--","00:29:56","00:30:09","'-8","14"
Carrera,2024-02-13 20:53:47,false,"Bilbao Carrera","7.09","538","00:40:12","142","149","3.2","157","210","5:40","4:57","173","29","1.13","--","--","--","--","0.0","--","--","--","6,278","--","--","21.0","No","00:00:31.7","8","25.0","--","--","--","--","--","--","--","--","00:40:10","00:40:12","16","30"
Carrera,2024-02-11 08:54:08,true,"Barcelona Carrera","21.49","1,658","01:47:18","165","180","5.0","162","172","5:00","4:16","90","103","1.23","--","--","--","--","0.0","--","--","--","17,364","--","--","18.0","No","00:02:14.5","22","25.0","--","--","--","--","--","--","--","--","01:47:12","01:47:18","'-5","29"
Carrera,2024-02-09 20:37:56,false,"Bilbao - 4 5 " R E G E N E R A T I V O","8.17","638","00:45:03","152","165","3.6","159","166","5:31","4:21","23","36","1.14","--","--","--","--","0.0","--","--","--","7,146","--","--","20.0","No","00:00:02.9","10","27.0","--","--","--","--","--","--","--","--","00:44:57","00:45:03","344","366"
Carrera,2024-02-06 19:54:52,false,"Bilbao - 1 0 K P R O G R E S I V O","8.30","637","00:45:20","152","165","3.6","159","207","5:28","4:54","26","72","1.15","--","--","--","--","0.0","--","--","--","7,202","--","--","21.0","No","00:01:36.0","9","26.0","--","--","--","--","--","--","--","--","00:45:10","00:46:10","3","46"
Entreno de fuerza,2024-02-05 21:11:47,false,"Fuerza","0.00","263","00:33:16","112","130","1.1","--","--","--","--","--","--","--","--","--","--","--","0.0","--","--","--","66","33","2","25.0","No","00:33:16","1","28.0","--","--","--","--","--","--","--","--","00:33:00","00:33:16","--","--"
Carrera,2024-02-04 12:38:30,true,"Bilbao - 1 4 K A E R Ó B I C O","13.80","1,066","01:13:17","157","177","4.6","160","173","5:19","4:40","68","74","1.18","--","--","--","--","0.0","--","--","--","11,686","--","--","21.0","No","00:03:57.3","14","29.0","--","--","--","--","--","--","--","--","01:13:06","01:13:17","'-1","32"
Carrera,2024-02-02 20:32:40,false,"Bilbao - 5 0 " R E G E N E R A T I V O","8.96","671","00:50:03","144","158","3.4","156","163","5:35","4:47","25","32","1.15","--","--","--","--","0.0","--","--","--","7,808","--","--","19.0","No","00:00:02.6","10","26.0","--","--","--","--","--","--","--","--","00:49:41","00:52:30","12","26"
Carrera,2024-02-01 19:17:15,false,"Bilbao - 1 0 x 4 0 0 R E C : 1 M I N 3 0","9.54","746","00:55:29","148","177","3.8","148","228","5:49","3:40","27","32","1.14","--","--","--","--","0.0","--","--","--","8,186","--","--","18.0","No","00:00:07.8","26","27.0","--","--","--","--","--","--","--","--","00:54:58","00:56:14","19","31"
Entreno de fuerza,2024-01-31 21:40:48,false,"Fuerza","0.00","270","00:40:13","104","142","1.1","--","--","--","--","--","--","--","--","--","--","--","0.0","--","--","--","258","129","6","25.0","No","00:40:13","1","28.0","--","--","--","--","--","--","--","--","00:28:24","00:40:28","--","--"
Carrera,2024-01-30 19:51:58,false,"Bilbao - 4 5 " R E G E N E R A T I V O","8.39","634","00:47:00","145","163","3.4","158","214","5:36","4:45","38","38","1.13","--","--","--","--","0.0","--","--","--","7,394","--","--","18.0","No","00:00:12.4","10","27.0","--","--","--","--","--","--","--","--","00:46:41","00:47:17","18","50"
Carrera,2024-01-28 11:44:49,false,"Bilbao - 8km ritmo umbral","12.03","934","01:04:05","159","170","4.6","159","165","5:20","4:50","47","59","1.18","--","--","--","--","0.0","--","--","--","10,138","--","--","25.0","No","00:00:06.7","13","28.0","--","--","--","--","--","--","--","--","01:04:03","01:04:05","'-4","12"
Entreno de fuerza,2024-01-27 22:00:31,false,"Fuerza","0.00","153","00:26:32","97","121","0.4","--","--","--","--","--","--","--","--","--","--","--","0.0","--","--","--","72","36","3","24.0","No","00:26:32","1","26.0","--","--","--","--","--","--","--","--","00:23:39","00:26:32","--","--"
Carrera,2024-01-26 21:00:48,false,"Bilbao - Cambios de ritmo 4 minutos en zo","11.91","924","01:02:53","158","178","4.8","156","224","5:17","4:15","87","29","1.21","--","--","--","--","0.0","--","--","--","9,752","--","--","18.0","No","00:00:01.0","22","27.0","--","--","--","--","--","--","--","--","01:02:41","01:02:53","13","26"
Carrera,2024-01-24 18:47:53,false,"Bilbao - Rodaje suave 40'","7.27","549","00:40:08","146","157","3.4","156","165","5:31","4:50","11","22","1.16","--","--","--","--","0.0","--","--","--","6,248","--","--","19.0","No","00:00:08.5","9","25.0","--","--","--","--","--","--","--","--","00:40:01","00:40:08","'-13","'-2"
Carrera,2024-01-23 20:32:26,false,"Bilbao - 3 veces 2 km en zona 4","11.50","872","01:00:07","158","175","4.6","156","165","5:14","4:21","82","45","1.22","--","--","--","--","0.0","--","--","--","9,366","--","--","20.0","No","00:00:09.0","14","24.0","--","--","--","--","--","--","--","--","00:59:51","01:00:43","9","28"
Carrera,2024-01-20 08:07:57,false,"Vitacura - Carrera umbral","10.00","813","00:57:58","156","176","4.2","159","169","5:48","4:29","53","65","1.09","--","--","--","--","0.0","--","--","--","9,192","--","--","24.0","No","00:02:11.4","11","29.0","--","--","--","--","--","--","--","--","00:57:54","00:58:32","669","729"
Carrera,2024-01-17 19:37:52,false,"Vitacura - Rodaje suave","8.07","665","00:45:27","162","175","4.2","157","178","5:38","4:08","47","29","1.13","--","--","--","--","0.0","--","--","--","7,164","--","--","27.0","No","00:00:26.5","10","30.0","--","--","--","--","--","--","--","--","00:44:22","00:49:38","690","727"
Entreno de fuerza,2024-01-16 10:49:37,false,"Fuerza","0.00","219","00:23:33","118","150","2.0","--","--","--","--","--","--","--","--","--","--","--","0.0","--","--","--","84","42","3","28.0","No","00:23:33","1","30.0","--","--","--","--","--","--","--","--","00:20:42","00:25:19","--","--"
Carrera,2024-01-14 10:49:37,false,"Machalí - Carrera umbral","9.01","732","00:51:43","160","173","4.0","158","169","5:45","4:39","42","50","1.10","--","--","--","--","0.0","--","--","--","8,188","--","--","26.0","No","00:02:46.9","10","34.0","--","--","--","--","--","--","--","--","00:51:20","01:01:31","566","606"
Carrera,2024-01-12 19:14:39,false,"Machalí - Series de 200m","7.27","611","00:43:16","157","180","3.8","146","230","5:57","3:19","85","68","1.13","--","--","--","--","0.0","--","--","--","6,270","--","--","28.0","No","00:00:18.7","30","32.0","--","--","--","--","--","--","--","--","00:40:46","00:43:16","601","670"
Entreno de fuerza,2024-01-11 19:14:02,false,"Fuerza","0.00","288","00:31:12","120","157","2.3","--","--","--","--","--","--","--","--","--","--","--","0.0","--","--","--","92","46","4","28.0","No","00:31:12","1","30.0","--","--","--","--","--","--","--","--","00:26:45","00:32:01","--","--"
Entreno de fuerza,2024-01-10 18:43:05,false,"Fuerza","0.00","110","00:18:37","98","128","0.4","--","--","--","--","--","--","--","--","--","--","--","0.0","--","--","--","18","9","2","29.0","No","00:18:37","1","30.0","--","--","--","--","--","--","--","--","00:17:29","00:20:32","--","--"
Carrera,2024-01-09 19:53:10,false,"Machalí - Intervalico continuo","11.52","924","01:05:13","163","175","4.6","158","175","5:40","2:13","86","145","1.11","--","--","--","--","0.0","--","--","--","10,278","--","--","28.0","No","00:00:05.9","21","30.0","--","--","--","--","--","--","--","--","01:04:47","01:06:08","582","653"
Entreno de fuerza,2024-01-08 11:53:34,false,"Fuerza","0.00","304","00:33:31","120","148","2.0","--","--","--","--","--","--","--","--","--","--","--","0.0","--","--","--","136","68","4","30.0","No","00:33:31","1","31.0","--","--","--","--","--","--","--","--","00:28:00","00:35:42","--","--"
Entreno de fuerza,2024-01-07 11:27:13,false,"Fuerza","0.00","331","00:33:54","123","145","2.1","--","--","--","--","--","--","--","--","--","--","--","0.0","--","--","--","60","30","4","28.0","No","00:33:54","1","29.0","--","--","--","--","--","--","--","--","00:29:47","00:33:54","--","--"
Carrera,2024-01-06 11:18:19,false,"La Cruz - Rodaje Tempo 45'","8.39","675","00:45:15","166","172","4.6","159","171","5:24","4:29","27","56","1.16","--","--","--","--","0.0","--","--","--","7,206","--","--","24.0","No","00:00:15.3","10","27.0","--","--","--","--","--","--","--","--","00:45:03","00:45:56","129","155"
Entreno de fuerza,2024-01-05 10:55:12,false,"Fuerza","0.00","405","00:42:27","123","160","2.5","--","--","--","--","--","--","--","--","--","--","--","0.0","--","--","--","74","37","4","28.0","No","00:42:27","1","29.0","--","--","--","--","--","--","--","--","00:36:47","00:42:27","--","--"
Carrera,2024-01-03 17:26:59,false,"Vitacura - 30' rodaje Z2","8.02","677","00:50:01","160","173","4.0","156","167","6:14","5:38","46","66","1.03","--","--","--","--","0.0","--","--","--","7,880","--","--","32.0","No","00:00:00.7","11","37.0","--","--","--","--","--","--","--","--","00:48:53","00:55:56","648","679"
Carrera,2023-12-31 09:28:14,false,"Quinta de Tilcoco - Rodaje suave 45 minutos","10.86","864","01:01:34","159","168","4.6","158","165","5:40","5:11","38","44","1.12","--","--","--","--","0.0","--","--","--","9,718","--","--","24.0","No","00:02:09.4","12","28.0","--","--","--","--","--","--","--","--","01:01:17","01:02:34","283","320"
Carrera,2023-12-29 06:37:41,false,"Bilbao - 45 minutos progresivos","8.55","656","00:45:08","160","177","4.5","158","167","5:17","4:20","20","89","1.20","--","--","--","--","0.0","--","--","--","7,116","--","--","18.0","No","00:00:01.8","12","24.0","--","--","--","--","--","--","--","--","00:45:06","00:45:16","'-11","19"
Entreno de fuerza,2023-12-28 20:45:26,false,"Fuerza","0.00","305","00:49:28","104","140","1.2","--","--","--","--","--","--","--","--","--","--","--","0.0","--","--","--","74","37","4","25.0","No","00:49:28","1","28.0","--","--","--","--","--","--","--","--","00:44:56","00:49:28","--","--"
Entreno de fuerza,2023-12-27 22:07:11,false,"Fuerza","0.00","381","00:56:37","108","140","1.6","--","--","--","--","--","--","--","--","--","--","--","0.0","--","--","--","34","17","4","25.0","No","00:56:37","1","28.0","--","--","--","--","--","--","--","--","00:53:16","00:56:37","--","--"
Entreno de fuerza,2023-12-26 21:52:28,false,"Fuerza","0.00","300","00:27:38","128","156","2.6","--","--","--","--","--","--","--","--","--","--","--","0.0","--","--","--","152","76","3","24.0","No","00:27:38","1","27.0","--","--","--","--","--","--","--","--","00:24:51","00:27:38","--","--"
Carrera,2023-12-24 10:30:18,false,"Bilbao - Rodaje Tempo 45'","8.35","656","00:45:14","161","174","4.5","157","163","5:25","3:50","27","30","1.18","--","--","--","--","0.0","--","--","--","7,078","--","--","19.0","No","00:00:13.9","10","26.0","--","--","--","--","--","--","--","--","00:45:13","00:45:14","17","39"
Carrera,2023-12-23 11:22:08,false,"Bilbao - Rodaje Tempo 30'","5.63","439","00:30:12","162","172","3.7","155","161","5:22","4:32","35","38","1.21","--","--","--","--","0.0","--","--","--","4,670","--","--","20.0","No","00:00:11.5","7","25.0","--","--","--","--","--","--","--","--","00:29:56","00:30:21","18","47"
Carrera,2023-12-21 19:26:46,false,"Bilbao - Rodaje Tempo 45'","8.34","645","00:45:07","161","172","4.1","156","167","5:24","4:19","43","70","1.19","--","--","--","--","0.0","--","--","--","7,016","--","--","21.0","No","00:00:07.0","10","26.0","--","--","--","--","--","--","--","--","00:44:50","00:45:18","'-12","36"
Entreno de fuerza,2023-12-20 21:00:00,false,"Fuerza","0.00","224","00:22:39","122","148","2.0","--","--","--","--","--","--","--","--","--","--","--","0.0","--","--","--","68","34","3","24.0","No","00:22:39","1","27.0","--","--","--","--","--","--","--","--","00:19:38","00:22:39","--","--"
Entreno de fuerza,2023-12-20 20:46:20,false,"Fuerza","0.00","93","00:12:00","107","133","0.8","--","--","--","--","--","--","--","--","--","--","--","0.0","--","--","--","38","19","2","27.0","No","00:12:00","1","28.0","--","--","--","--","--","--","--","--","00:11:37","00:12:00","--","--"
Entreno de fuerza,2023-12-19 21:10:58,false,"Fuerza","0.00","251","00:22:10","131","158","2.4","--","--","--","--","--","--","--","--","--","--","--","0.0","--","--","--","72","36","3","25.0","No","00:22:10","1","26.0","--","--","--","--","--","--","--","--","00:19:31","00:22:10","--","--"
Entreno de fuerza,2023-12-19 20:49:45,false,"Fuerza","0.00","124","00:19:19","99","137","0.8","--","--","--","--","--","--","--","--","--","--","--","0.0","--","--","--","60","30","3","26.0","No","00:19:19","1","29.0","--","--","--","--","--","--","--","--","00:18:39","00:19:19","--","--"
Entreno de fuerza,2023-12-18 21:21:00,false,"Fuerza","0.00","132","00:14:03","118","131","1.1","--","--","--","--","--","--","--","--","--","--","--","0.0","--","--","--","40","20","2","24.0","No","00:14:03","1","26.0","--","--","--","--","--","--","--","--","00:10:55","00:14:03","--","--"
Entreno de fuerza,2023-12-18 20:51:13,false,"Fuerza","0.00","200","00:27:59","106","135","1.0","--","--","--","--","--","--","--","--","--","--","--","0.0","--","--","--","116","58","4","24.0","No","00:27:59","1","28.0","--","--","--","--","--","--","--","--","00:25:18","00:27:59","--","--"
Carrera,2023-12-14 20:32:47,false,"Bilbao Carrera","4.95","370","00:30:39","144","160","2.7","152","158","6:12","5:33","7","29","1.06","--","--","--","--","0.0","--","--","--","4,632","--","--","20.0","No","00:05:48.3","5","24.0","--","--","--","--","--","--","--","--","00:30:37","00:30:39","2","25"
Entreno de fuerza,2023-12-13 21:18:19,false,"Fuerza","0.00","219","00:22:26","121","149","2.0","--","--","--","--","--","--","--","--","--","--","--","0.0","--","--","--","110","55","4","27.0","No","00:22:26","1","28.0","--","--","--","--","--","--","--","--","00:21:07","00:23:04","--","--"
Entreno de fuerza,2023-12-12 20:01:40,false,"Fuerza","0.00","157","00:19:39","111","139","1.0","--","--","--","--","--","--","--","--","--","--","--","0.0","--","--","--","84","42","3","26.0","No","00:19:39","1","27.0","--","--","--","--","--","--","--","--","00:17:41","00:19:39","--","--"
Carrera,2023-12-01 18:21:57,false,"Bilbao - Rodaje Tempo 45'","8.20","634","00:45:21","156","169","3.7","157","168","5:32","4:45","28","49","1.15","--","--","--","--","0.0","--","--","--","7,100","--","--","18.0","No","00:00:20.9","10","26.0","--","--","--","--","--","--","--","--","00:45:19","00:45:21","0","28"
Entreno de fuerza,2023-11-30 20:58:29,false,"Fuerza","0.00","317","00:29:43","127","160","2.3","--","--","--","--","--","--","--","--","--","--","--","0.0","--","--","--","74","37","4","24.0","No","00:29:43","1","26.0","--","--","--","--","--","--","--","--","00:27:37","00:29:43","--","--"
Carrera,2023-11-29 19:33:49,false,"Bilbao - Intervalico 1':1'","8.85","675","00:49:19","150","187","3.8","151","231","5:34","3:30","25","55","1.18","--","--","--","--","0.0","--","--","--","7,350","--","--","23.0","No","00:00:19.3","30","26.0","--","--","--","--","--","--","--","--","00:49:14","00:49:19","13","26"
Entreno de fuerza,2023-11-28 20:15:00,false,"Fuerza","0.00","202","00:20:23","121","150","2.1","--","--","--","--","--","--","--","--","--","--","--","0.0","--","--","--","200","100","4","25.0","No","00:20:23","1","27.0","--","--","--","--","--","--","--","--","00:17:46","00:21:32","--","--"
Carrera,2023-11-26 11:01:33,false,"Santurce Carrera","15.33","1,202","01:18:20","166","178","5.0","160","168","5:07","4:29","86","77","1.22","--","--","--","--","0.0","--","--","--","12,516","--","--","19.0","No","00:01:35.1","16","24.0","--","--","--","--","--","--","--","--","01:18:15","01:18:20","4","45"
Carrera,2023-11-24 19:54:09,false,"Bilbao - Activación","4.26","319","00:22:31","148","168","3.2","156","167","5:17","4:08","7","62","1.21","--","--","--","--","0.0","--","--","--","3,514","--","--","23.0","No","00:01:36.2","6","26.0","--","--","--","--","--","--","--","--","00:22:25","00:22:31","16","30"
Carrera,2023-11-22 20:24:21,false,"Bilbao - 30' rodaje Z2","8.75","669","00:50:07","148","161","3.6","156","163","5:44","4:36","30","37","1.12","--","--","--","--","0.0","--","--","--","7,768","--","--","19.0","No","00:00:07.4","11","26.0","--","--","--","--","--","--","--","--","00:49:48","00:50:53","'-19","'-3"
Carrera,2023-11-20 20:54:10,false,"Bilbao Carrera","9.00","687","00:45:42","160","177","4.6","156","161","5:05","4:25","21","33","1.26","--","--","--","--","0.0","--","--","--","7,100","--","--","19.0","No","00:00:00.8","10","27.0","--","--","--","--","--","--","--","--","00:45:39","00:45:42","11","33"
Carrera,2023-11-19 11:02:02,false,"Bilbao Carrera","10.30","788","00:55:29","156","173","4.3","159","167","5:23","4:02","65","71","1.17","--","--","--","--","0.0","--","--","--","8,778","--","--","21.0","No","00:01:29.8","11","25.0","--","--","--","--","--","--","--","--","00:55:26","00:55:29","27","50"
Carrera,2023-11-17 20:25:36,false,"Bilbao - Activación pre-carrera","4.92","363","00:25:17","154","170","3.3","156","230","5:08","3:25","4","14","1.25","--","--","--","--","0.0","--","--","--","3,912","--","--","19.0","No","00:00:16.8","13","26.0","--","--","--","--","--","--","--","--","00:25:17","00:25:17","13","25"
Entreno de fuerza,2023-11-15 19:45:38,false,"Fuerza","0.00","90","00:15:21","96","122","0.3","--","--","--","--","--","--","--","--","--","--","--","0.0","--","--","--","50","25","2","28.0","No","00:15:21","1","29.0","--","--","--","--","--","--","--","--","00:14:40","00:16:25","--","--"
Carrera,2023-11-14 19:54:15,false,"Bilbao - Rodaje Tempo 45'","8.36","650","00:45:05","159","172","3.9","155","163","5:23","4:31","87","47","1.20","--","--","--","--","0.0","--","--","--","6,996","--","--","22.0","No","00:00:04.9","10","30.0","--","--","--","--","--","--","--","--","00:44:35","00:45:31","28","56"
Carrera,2023-11-11 18:39:08,false,"Bilbao - Rodaje Tempo 45'","6.33","490","00:35:37","155","165","3.3","155","161","5:38","5:04","14","30","1.14","--","--","--","--","0.0","--","--","--","5,500","--","--","24.0","No","00:01:46.3","7","27.0","--","--","--","--","--","--","--","--","00:35:36","00:35:37","7","29"
Entreno de fuerza,2023-11-10 20:10:00,false,"Fuerza","0.00","252","00:28:13","117","142","1.7","--","--","--","--","--","--","--","--","--","--","--","0.0","--","--","--","76","38","4","26.0","No","00:28:13","1","27.0","--","--","--","--","--","--","--","--","00:26:16","00:28:13","--","--"
Carrera,2023-11-07 19:53:01,false,"Bilbao - Desarrollo VAM mediante HIIT","9.54","758","00:57:54","150","184","3.9","146","231","6:04","3:28","32","37","1.12","--","--","--","--","0.0","--","--","--","8,334","--","--","17.0","No","00:00:30","76","26.0","--","--","--","--","--","--","--","--","00:57:39","00:57:56","23","34"
Entreno de fuerza,2023-11-06 20:10:52,false,"Fuerza","0.00","173","00:21:01","111","135","1.1","--","--","--","--","--","--","--","--","--","--","--","0.0","--","--","--","158","79","3","25.0","No","00:21:01","1","27.0","--","--","--","--","--","--","--","--","00:19:32","00:22:08","--","--"
Carrera,2023-11-04 11:11:57,false,"Bilbao - Intervalico 1':1'","8.37","679","00:49:08","157","177","3.7","150","240","5:52","3:37","45","30","1.13","--","--","--","--","0.0","--","--","--","7,300","--","--","18.0","No","00:00:08.2","30","29.0","--","--","--","--","--","--","--","--","00:48:54","00:49:08","23","42"
Entreno de fuerza,2023-11-03 19:09:25,false,"Fuerza","0.00","223","00:24:45","117","146","1.6","--","--","--","--","--","--","--","--","--","--","--","0.0","--","--","--","160","80","3","25.0","No","00:24:45","1","28.0","--","--","--","--","--","--","--","--","00:22:40","00:24:45","--","--"
Carrera,2023-11-02 20:59:52,false,"Bilbao - Interválico continuo extensivo","7.28","562","00:42:39","149","172","3.4","156","169","5:52","4:05","22","21","1.09","--","--","--","--","0.0","--","--","--","6,622","--","--","16.0","No","00:00:09.5","13","28.0","--","--","--","--","--","--","--","--","00:42:38","00:42:39","23","32"
Carrera,2023-11-01 09:51:55,false,"Bilbao - Test 5km","6.65","530","00:37:42","159","187","4.2","147","169","5:40","4:02","15","16","1.17","--","--","--","--","0.0","--","--","--","5,552","--","--","20.0","No","00:00:20.5","10","29.0","--","--","--","--","--","--","--","--","00:35:47","00:37:42","9","17"
Entreno de fuerza,2023-10-31 18:35:14,false,"Fuerza","0.00","184","00:20:31","114","144","1.7","--","--","--","--","--","--","--","--","--","--","--","0.0","--","--","--","60","30","3","26.0","No","00:20:31","1","28.0","--","--","--","--","--","--","--","--","00:18:02","00:20:31","--","--"
Carrera,2023-10-29 09:36:02,false,"Bilbao Carrera","6.54","506","00:35:03","157","168","3.6","159","165","5:22","4:56","45","23","1.17","--","--","--","--","0.0","--","--","--","5,576","--","--","26.0","No","00:02:52.0","7","29.0","--","--","--","--","--","--","--","--","00:35:02","00:35:03","16","31"
Carrera,2023-10-24 20:11:40,false,"Bilbao Carrera","5.53","412","00:31:09","140","153","3.0","155","159","5:38","5:02","30","32","1.15","--","--","--","--","0.0","--","--","--","4,776","--","--","23.0","No","00:03:05.1","6","26.0","--","--","--","--","--","--","--","--","00:31:08","00:31:09","13","21"
Carrera,2023-10-24 20:07:56,false,"Bilbao Carrera","0.44","28","00:02:49.7","116","129","0.3","149","158","6:22","5:52","6","5","1.06","--","--","--","--","0.0","--","--","--","420","--","--","26.0","No","00:00:39.1","2","27.0","--","--","--","--","--","--","--","--","00:02:49","00:02:49.7","23","27"
Carrera,2023-10-21 19:04:44,true,"TotalEnergies Bilbao Night Marathon","21.57","1,645","01:50:49","163","177","5.0","160","169","5:08","4:27","63","96","1.22","--","--","--","--","0.0","--","--","--","17,708","--","--","22.0","No","00:03:00.5","22","25.0","--","--","--","--","--","--","--","--","01:50:45","01:50:49","'-6","33"
Carrera,2023-10-19 20:49:22,false,"Bilbao - 4 5 " R E G E N E R A T I V O","7.99","607","00:45:04","146","163","3.4","156","163","5:39","4:51","42","120","1.13","--","--","--","--","0.0","--","--","--","7,046","--","--","22.0","No","00:00:03.8","9","28.0","--","--","--","--","--","--","--","--","00:44:56","00:45:41","10","29"
Carrera,2023-10-18 21:14:16,false,"Bilbao - 1 0 K A E R Ó B I C O","10.01","778","00:54:47","156","173","4.0","159","165","5:28","4:43","54","66","1.15","--","--","--","--","0.0","--","--","--","8,652","--","--","27.0","No","00:00:03.9","11","30.0","--","--","--","--","--","--","--","--","00:54:44","00:54:47","12","42"
Entreno de fuerza,2023-10-17 20:40:35,false,"Fuerza","0.00","269","00:32:54","114","145","1.5","--","--","--","--","--","--","--","--","--","--","--","0.0","--","--","--","112","56","2","29.0","No","00:32:54","1","30.0","--","--","--","--","--","--","--","--","00:32:33","00:34:09","--","--"
Carrera,2023-10-16 19:11:21,false,"Bilbao - 1 0 K P R O G R E S I V O","10.01","747","00:54:50","149","168","3.8","158","165","5:29","4:29","51","51","1.15","--","--","--","--","0.0","--","--","--","8,688","--","--","26.0","No","00:00:02.6","11","29.0","--","--","--","--","--","--","--","--","00:54:32","00:55:09","8","41"
Entreno de fuerza,2023-10-15 21:07:31,false,"Fuerza","0.00","192","00:29:54","102","138","0.9","--","--","--","--","--","--","--","--","--","--","--","0.0","--","--","--","318","159","8","28.0","No","00:29:54","1","30.0","--","--","--","--","--","--","--","--","00:27:50","00:31:00","--","--"
Carrera,2023-10-14 08:10:10,false,"Bilbao - 1 4 K A E R Ó B I C O","14.18","1,052","01:15:14","154","166","4.2","161","170","5:18","4:26","46","79","1.17","--","--","--","--","0.0","--","--","--","12,064","--","--","25.0","No","00:00:57.1","15","27.0","--","--","--","--","--","--","--","--","01:15:10","01:15:14","'-5","29"
Carrera,2023-10-12 19:07:19,false,"Bilbao - 5 0 " R E G E N E R A T I V O","9.02","691","00:50:03","152","167","3.7","158","165","5:33","4:44","22","28","1.14","--","--","--","--","0.0","--","--","--","7,900","--","--","28.0","No","00:00:02.9","11","30.0","--","--","--","--","--","--","--","--","00:49:59","00:51:04","'-7","11"
Carrera,2023-10-11 18:46:55,false,"Bilbao - 1 0 x 4 0 0 R E C : 1 M I N 3 0","9.80","763","00:56:11","149","174","3.8","150","173","5:44","3:37","28","30","1.15","--","--","--","--","0.0","--","--","--","8,342","--","--","27.0","No","00:00:06.0","27","31.0","--","--","--","--","--","--","--","--","00:56:07","00:57:35","1","14"
Entreno de fuerza,2023-10-10 20:35:50,false,"Fuerza","0.00","237","00:34:26","106","128","0.8","--","--","--","--","--","--","--","--","--","--","--","0.0","--","--","--","34","17","1","28.0","No","00:34:26","1","30.0","--","--","--","--","--","--","--","--","00:34:26","00:34:26","--","--"
Carrera,2023-10-09 20:01:49,false,"Bilbao - 4 5 " R E G E N E R A T I V O","8.01","589","00:45:21","146","162","3.3","158","165","5:40","4:44","36","46","1.11","--","--","--","--","0.0","--","--","--","7,150","--","--","24.0","No","00:00:21.4","9","28.0","--","--","--","--","--","--","--","--","00:45:19","00:45:40","6","37"
Entreno de fuerza,2023-10-08 21:10:45,false,"Fuerza","0.00","207","00:28:57","108","144","1.0","--","--","--","--","--","--","--","--","--","--","--","0.0","--","--","--","178","89","1","30.0","No","00:28:57","1","32.0","--","--","--","--","--","--","--","--","00:28:57","00:37:38","--","--"
Carrera,2023-10-07 08:18:30,false,"Bilbao - 1 5 K A E R Ó B I C O","15.02","1,100","01:18:14","154","164","4.4","162","220","5:13","4:05","45","92","1.19","--","--","--","--","0.0","--","--","--","12,616","--","--","24.0","No","00:00:05.9","16","27.0","--","--","--","--","--","--","--","--","01:18:11","01:18:14","'-9","30"
Carrera,2023-10-05 20:25:20,false,"Bilbao - 4 0 " R E G E N E R A T I V O","6.98","524","00:39:32","147","159","3.3","158","169","5:40","4:53","29","25","1.12","--","--","--","--","0.0","--","--","--","6,216","--","--","26.0","No","00:05:14.7","7","29.0","--","--","--","--","--","--","--","--","00:39:24","00:40:36","'-2","14"
Carrera,2023-10-04 19:32:49,false,"Bilbao - 3 X 2 0 0 0 R E C : 3 M I N","10.85","814","01:00:13","152","173","4.0","151","165","5:33","4:23","18","32","1.17","--","--","--","--","0.0","--","--","--","9,090","--","--","26.0","No","00:00:04.0","14","29.0","--","--","--","--","--","--","--","--","01:00:09","01:00:13","'-2","14"
Entreno de fuerza,2023-10-03 20:04:28,false,"Fuerza","0.00","272","00:32:14","115","142","1.7","--","--","--","--","--","--","--","--","--","--","--","0.0","--","--","--","32","16","1","28.0","No","00:32:14","1","31.0","--","--","--","--","--","--","--","--","00:32:14","00:32:14","--","--"
Carrera,2023-10-02 18:31:08,false,"Bilbao - 4 0 " A E R Ó B I C O","7.68","559","00:40:05","151","167","3.6","159","165","5:13","4:18","37","46","1.20","--","--","--","--","0.0","--","--","--","6,372","--","--","25.0","No","00:00:05.1","9","27.0","--","--","--","--","--","--","--","--","00:40:02","00:40:05","'-63","'-32"
Entreno de fuerza,2023-10-01 20:40:48,false,"Fuerza","0.00","249","00:33:21","110","152","1.5","--","--","--","--","--","--","--","--","--","--","--","0.0","--","--","--","194","97","1","30.0","No","00:33:21","1","32.0","--","--","--","--","--","--","--","--","00:33:21","00:37:20","--","--"
Carrera,2023-09-30 08:13:46,false,"Bilbao - 1 6 K A E R Ó B I C O","16.00","1,198","01:25:18","155","166","4.7","159","167","5:20","4:27","59","110","1.18","--","--","--","--","0.0","--","--","--","13,538","--","--","24.0","No","00:05:00.0","16","29.0","--","--","--","--","--","--","--","--","01:25:05","01:25:59","7","50"
Carrera,2023-09-28 21:03:42,false,"Bilbao - 4 5 " R E G E N E R A T I V O","7.14","528","00:43:37","143","155","2.9","155","161","6:06","5:08","27","46","1.06","--","--","--","--","0.0","--","--","--","6,736","--","--","27.0","No","00:00:57.2","8","29.0","--","--","--","--","--","--","--","--","00:43:27","00:43:37","'-2","31"
Carrera,2023-09-27 20:59:54,false,"Bilbao - 5 X 1 0 0 0 R E C : 2 M I N","9.43","714","00:53:30","149","177","4.0","150","170","5:40","4:10","13","25","1.16","--","--","--","--","0.0","--","--","--","7,992","--","--","24.0","No","00:02:00","14","29.0","--","--","--","--","--","--","--","--","00:53:27","00:53:30","11","25"
Entreno de fuerza,2023-09-26 20:22:30,false,"Fuerza","0.00","247","00:30:05","114","145","1.6","--","--","--","--","--","--","--","--","--","--","--","0.0","--","--","--","104","52","1","28.0","No","00:30:05","1","31.0","--","--","--","--","--","--","--","--","00:30:05","00:33:06","--","--"
Carrera,2023-09-25 19:14:39,false,"Bilbao - 4 5 " R E G E N E R A T I V O","7.80","603","00:45:12","153","166","3.5","155","161","5:48","4:30","41","48","1.11","--","--","--","--","0.0","--","--","--","6,980","--","--","28.0","No","00:00:11.8","9","30.0","--","--","--","--","--","--","--","--","00:45:11","00:45:12","80","108"
Carrera,2023-09-23 08:14:33,false,"Bilbao - C O N T R O L 1 8 K","18.02","1,361","01:37:05","157","169","4.8","158","163","5:23","4:31","52","125","1.17","--","--","--","--","0.0","--","--","--","15,336","--","--","20.0","No","00:00:05.1","19","24.0","--","--","--","--","--","--","--","--","01:37:02","01:37:05","'-13","34"
Entreno de fuerza,2023-09-22 18:51:12,false,"Fuerza","0.00","240","00:31:43","111","146","1.5","--","--","--","--","--","--","--","--","--","--","--","0.0","--","--","--","190","95","1","27.0","No","00:31:43","1","29.0","--","--","--","--","--","--","--","--","00:31:43","00:36:17","--","--"
Carrera,2023-09-21 21:04:27,false,"Bilbao - 5 0 " R E G E N E R A T I V O","8.73","641","00:50:06","146","160","3.3","157","163","5:44","4:35","38","51","1.11","--","--","--","--","0.0","--","--","--","7,848","--","--","22.0","No","00:00:05.8","10","28.0","--","--","--","--","--","--","--","--","00:50:05","00:50:06","2","44"
Carrera,2023-09-20 21:06:49,false,"Bilbao - F A R T L E K 4 X 2","8.68","649","00:48:08","151","181","3.7","152","167","5:33","4:18","107","27","1.17","--","--","--","--","0.0","--","--","--","7,286","--","--","25.0","No","00:00:08.0","14","29.0","--","--","--","--","--","--","--","--","00:47:57","00:48:08","13","29"
Entreno de fuerza,2023-09-19 21:04:54,false,"Fuerza","0.00","278","00:32:08","118","142","1.7","--","--","--","--","--","--","--","--","--","--","--","0.0","--","--","--","38","19","1","30.0","No","00:32:08","1","33.0","--","--","--","--","--","--","--","--","00:32:08","00:32:08","--","--"
Carrera,2023-09-18 19:30:14,false,"Bilbao - 4 0 " A E R Ó B I C O","6.87","518","00:40:10","147","160","3.2","154","159","5:51","4:57","33","47","1.11","--","--","--","--","0.0","--","--","--","6,140","--","--","25.0","No","00:00:10.4","8","28.0","--","--","--","--","--","--","--","--","00:40:08","00:40:10","'-86","'-52"
Carrera,2023-09-16 10:33:03,false,"Bilbao - 1 6 K A E R Ó B I C O","16.01","1,234","01:29:10","159","169","4.7","156","161","5:34","1:20","61","78","1.15","--","--","--","--","0.0","--","--","--","13,860","--","--","28.0","No","00:00:01.9","17","31.0","--","--","--","--","--","--","--","--","01:29:00","01:30:10","'-39","'-1"
Entreno de fuerza,2023-09-15 20:08:19,false,"Fuerza","0.00","261","00:35:41","109","159","1.6","--","--","--","--","--","--","--","--","--","--","--","0.0","--","--","--","62","31","1","30.0","No","00:35:41","1","32.0","--","--","--","--","--","--","--","--","00:35:41","00:38:28","--","--"
Carrera,2023-09-14 20:07:13,false,"Bilbao - 4 0 " R E G E N E R A T I V O","6.83","521","00:40:02","144","156","3.2","154","159","5:51","4:52","16","21","1.11","--","--","--","--","0.0","--","--","--","6,116","--","--","27.0","No","00:00:02.2","8","28.0","--","--","--","--","--","--","--","--","00:39:12","00:40:02","10","28"
Carrera,2023-09-13 20:01:07,false,"Bilbao - F A R T L E K 3 X 2","8.94","667","00:49:03","150","172","3.8","153","166","5:29","4:06","54","28","1.19","--","--","--","--","0.0","--","--","--","7,434","--","--","24.0","No","00:00:03.1","17","29.0","--","--","--","--","--","--","--","--","00:48:40","00:49:03","8","26"
Entreno de fuerza,2023-09-12 20:16:07,false,"Fuerza","0.00","276","00:32:28","117","143","1.8","--","--","--","--","--","--","--","--","--","--","--","0.0","--","--","--","36","18","1","30.0","No","00:32:28","1","32.0","--","--","--","--","--","--","--","--","00:32:28","00:32:28","--","--"
Carrera,2023-09-11 19:34:37,false,"Bilbao - 5 0 " A E R Ó B I C O","8.92","663","00:50:05","148","164","3.6","154","162","5:37","5:09","32","52","1.15","--","--","--","--","0.0","--","--","--","7,670","--","--","26.0","No","00:00:05.2","10","28.0","--","--","--","--","--","--","--","--","00:49:59","00:50:05","'-34","6"
Carrera,2023-09-09 10:47:08,false,"Bilbao - CONTROL 12K","12.01","952","01:07:01","164","176","4.6","156","238","5:35","4:52","56","45","1.15","--","--","--","--","0.0","--","--","--","10,434","--","--","29.0","No","00:00:02.7","13","34.0","--","--","--","--","--","--","--","--","01:06:52","01:08:52","'-9","13"
Carrera,2023-09-07 20:50:20,false,"Bilbao - 5 0 " A E R Ó B I C O","8.64","645","00:50:02","147","160","3.4","155","161","5:48","5:07","70","50","1.12","--","--","--","--","0.0","--","--","--","7,686","--","--","27.0","No","00:00:02.1","10","29.0","--","--","--","--","--","--","--","--","00:49:58","00:50:02","'-3","29"
Carrera,2023-09-06 21:05:05,false,"Bilbao - F A R T L E K 2 X 2","8.57","656","00:48:02","152","171","3.8","152","167","5:36","4:10","56","19","1.17","--","--","--","--","0.0","--","--","--","7,278","--","--","28.0","No","00:00:02.3","19","31.0","--","--","--","--","--","--","--","--","00:47:53","00:48:02","18","31"
Carrera,2023-09-04 19:10:05,false,"Bilbao - 4 0 " A E R Ó B I C O","6.84","519","00:40:03","147","162","3.3","154","240","5:51","4:41","47","60","1.11","--","--","--","--","0.0","--","--","--","6,118","--","--","26.0","No","00:00:02.9","8","30.0","--","--","--","--","--","--","--","--","00:39:49","00:40:23","10","48"
Entreno de fuerza,2023-09-03 22:25:56,false,"Fuerza","0.00","262","00:32:21","115","147","1.7","--","--","--","--","--","--","--","--","--","--","--","0.0","--","--","--","32","16","1","30.0","No","00:32:21","1","32.0","--","--","--","--","--","--","--","--","00:32:21","00:32:21","--","--"
Carrera,2023-09-02 11:30:00,false,"Bilbao - S P L I T N E G A T I V O 6 0 "","10.68","829","01:00:10","158","171","4.2","157","231","5:38","1:35","19","30","1.13","--","--","--","--","0.0","--","--","--","9,384","--","--","24.0","No","00:00:00.9","15","28.0","--","--","--","--","--","--","--","--","00:59:59","01:03:15","'-0","22"
Carrera,2023-08-31 21:28:10,false,"Bilbao - 4 5 " R E G E N E R A T I V O","7.61","572","00:45:02","148","167","3.3","154","160","5:55","5:21","29","46","1.10","--","--","--","--","0.0","--","--","--","6,852","--","--","26.0","No","00:00:01.6","9","28.0","--","--","--","--","--","--","--","--","00:44:59","00:45:02","8","41"
Carrera,2023-08-30 15:53:12,false,"Bilbao - 2 X 2 0 0 0 R E C : 2 M I N","8.35","654","00:47:30","156","174","3.9","152","226","5:41","4:33","24","33","1.15","--","--","--","--","0.0","--","--","--","7,210","--","--","26.0","No","00:00:02.8","11","29.0","--","--","--","--","--","--","--","--","00:47:03","00:47:30","11","25"
Carrera,2023-08-28 20:12:28,false,"Bilbao - 1 0 K P R O G R E S I V O","10.01","723","00:53:28","150","167","4.1","156","165","5:20","3:36","40","50","1.20","--","--","--","--","0.0","--","--","--","8,316","--","--","23.0","No","00:00:02.6","11","27.0","--","--","--","--","--","--","--","--","00:53:26","00:53:28","'-1","31"
Carrera,2023-08-27 09:52:14,false,"Bilbao - 1 4 K A E R Ó B I C O","14.02","1,045","01:20:25","148","170","4.0","158","226","5:44","3:59","55","76","1.11","--","--","--","--","0.0","--","--","--","12,616","--","--","23.0","No","00:00:08.0","15","27.0","--","--","--","--","--","--","--","--","01:20:22","01:21:08","'-11","33"
Carrera,2023-08-25 09:43:36,false,"Bilbao - 5 0 " R E G E N E R A T I V O","8.32","608","00:50:02","143","155","3.3","156","163","6:01","5:15","25","48","1.06","--","--","--","--","0.0","--","--","--","7,782","--","--","26.0","No","00:00:01.7","10","28.0","--","--","--","--","--","--","--","--","00:49:57","00:50:02","'-40","'-2"
Carrera,2023-08-24 08:57:58,false,"Bilbao - 4 X 1 0 0 0 R E C : 2 M I N","8.59","670","00:51:19","153","175","3.9","149","233","5:59","4:17","13","30","1.11","--","--","--","--","0.0","--","--","--","7,654","--","--","30.0","No","00:00:00.7","14","35.0","--","--","--","--","--","--","--","--","00:51:04","00:51:19","3","25"
Carrera,2023-08-21 09:24:41,false,"Bilbao - 5 0 " A E R Ó B I C O","8.74","658","00:53:12","143","153","3.4","156","162","6:05","5:03","23","36","1.06","--","--","--","--","0.0","--","--","--","8,280","--","--","27.0","No","00:01:31.9","10","31.0","--","--","--","--","--","--","--","--","00:53:01","00:54:12","'-4","19"
Carrera,2023-08-19 07:42:56,false,"Cenicero - 1 2 K A E R Ó B I C O","11.20","880","01:11:33","149","169","3.8","156","168","6:23","5:08","105","113","1.00","--","--","--","--","0.0","--","--","--","11,138","--","--","25.0","No","00:01:13.6","12","31.0","--","--","--","--","--","--","--","--","01:11:29","01:15:12","398","456"
Entreno de fuerza,2023-08-18 21:43:30,false,"Fuerza","0.00","250","00:32:35","114","140","1.5","--","--","--","--","--","--","--","--","--","--","--","0.0","--","--","--","40","20","1","27.0","No","00:32:35","1","36.0","--","--","--","--","--","--","--","--","00:32:35","00:32:35","--","--"
Carrera,2023-08-17 21:51:42,false,"Cenicero - 4 0 " R E G E N E R A T I V O","6.67","519","00:40:02","149","164","3.5","155","161","6:00","5:12","61","56","1.07","--","--","--","--","0.0","--","--","--","6,168","--","--","30.0","No","00:00:02.3","8","32.0","--","--","--","--","--","--","--","--","00:40:01","00:40:02","420","437"
Carrera,2023-08-16 21:01:32,false,"Cenicero - 7 x 4 0 0 R E C : 1 M I N","7.39","568","00:43:25","152","174","3.7","149","236","5:52","3:45","58","25","1.13","--","--","--","--","0.0","--","--","--","6,494","--","--","26.0","No","00:00:05.3","20","30.0","--","--","--","--","--","--","--","--","00:42:40","00:44:46","421","439"
Carrera,2023-08-14 20:49:23,false,"Cenicero - 4 5 " A E R Ó B I C O","7.48","584","00:45:02","151","171","3.7","148","161","6:01","5:08","20","131","1.13","--","--","--","--","0.0","--","--","--","7,282","--","--","27.0","No","00:00:02.3","9","32.0","--","--","--","--","--","--","--","--","00:44:52","00:45:02","412","433"
Carrera,2023-08-13 00:15:49,false,"Bilbao - 1 0 K A E R Ó B I C O","10.01","748","00:59:12","147","171","4.0","154","161","5:55","5:04","29","24","1.10","--","--","--","--","0.0","--","--","--","9,050","--","--","26.0","No","00:00:02.0","11","30.0","--","--","--","--","--","--","--","--","00:59:10","00:59:12","20","35"
Entreno de fuerza,2023-08-11 21:10:37,false,"Fuerza","0.00","262","00:33:25","115","147","2.0","--","--","--","--","--","--","--","--","--","--","--","0.0","--","--","--","66","33","1","32.0","No","00:33:25","1","34.0","--","--","--","--","--","--","--","--","00:33:25","00:33:30","--","--"
Carrera,2023-08-10 20:41:16,false,"Cenicero - 4 5 " R E G E N E R A T I V O","7.56","583","00:45:02","154","169","3.9","155","161","5:58","5:16","41","22","1.09","--","--","--","--","0.0","--","--","--","6,914","--","--","30.0","No","00:00:02.1","9","32.0","--","--","--","--","--","--","--","--","00:44:53","00:45:02","417","432"
Carrera,2023-08-09 11:07:07,false,"Cenicero - F A R T L E K 2X2","6.36","533","00:41:14","156","179","3.8","144","231","6:29","4:16","37","50","1.05","--","--","--","--","0.0","--","--","--","5,960","--","--","30.0","No","00:02:00","14","35.0","--","--","--","--","--","--","--","--","00:40:31","00:41:14","373","401"
Carrera,2023-08-07 20:14:17,false,"Cenicero - 4 0 " A E R Ó B I C O","6.39","504","00:39:37","152","172","3.7","155","163","6:12","4:33","65","175","1.04","--","--","--","--","0.0","--","--","--","6,126","--","--","30.0","No","00:02:32.6","7","32.0","--","--","--","--","--","--","--","--","00:39:33","00:39:37","408","465"
Carrera,2023-08-05 11:49:51,false,"Bilbao - 8 K P R O G R E S I V O","9.60","748","01:00:31","157","171","4.0","156","210","6:18","4:17","27","116","1.02","--","--","--","--","0.0","--","--","--","9,450","--","--","27.0","No","00:00:04.0","11","33.0","--","--","--","--","--","--","--","--","01:00:19","01:01:46","'-11","19"
Carrera,2023-08-03 19:08:59,false,"Bilbao - 4 5 " R E G E N E R A T I V O","7.50","564","00:45:02","147","163","3.8","156","163","6:00","4:38","25","60","1.07","--","--","--","--","0.0","--","--","--","6,984","--","--","25.0","No","00:00:01.7","9","27.0","--","--","--","--","--","--","--","--","00:45:01","00:45:02","3","20"
Carrera,2023-08-02 16:54:06,false,"Bilbao - F A R T L E K 1 X 1","6.35","484","00:40:03","149","172","3.8","148","167","6:19","4:01","24","78","1.07","--","--","--","--","0.0","--","--","--","5,920","--","--","25.0","No","00:00:02.5","21","28.0","--","--","--","--","--","--","--","--","00:39:41","00:40:03","6","30"
Entreno de fuerza,2023-08-01 21:07:20,false,"Fuerza","0.00","282","00:32:14","120","157","2.6","--","--","--","--","--","--","--","--","--","--","--","0.0","--","--","--","30","15","1","30.0","No","00:32:14","1","33.0","--","--","--","--","--","--","--","--","00:32:14","00:32:14","--","--"
Carrera,2023-07-31 10:53:41,false,"Bilbao - 4 0 " A E R Ó B I C O","6.41","499","00:40:02","155","168","3.9","154","161","6:14","5:41","30","40","1.04","--","--","--","--","0.0","--","--","--","6,136","--","--","28.0","No","00:00:01.7","8","33.0","--","--","--","--","--","--","--","--","00:40:00","00:40:02","14","39"
Carrera,2023-07-28 20:51:34,false,"Bilbao - 4 5 " R E G E N E R A T I V O","7.08","541","00:45:02","144","160","3.7","153","165","6:21","5:14","17","34","1.03","--","--","--","--","0.0","--","--","--","6,818","--","--","29.0","No","00:00:01.5","9","31.0","--","--","--","--","--","--","--","--","00:44:53","00:45:08","9","29"
Carrera,2023-07-26 20:00:17,false,"Bilbao Carrera","8.06","613","00:44:36","160","177","5.0","154","159","5:32","5:05","14","32","1.18","--","--","--","--","0.0","--","--","--","6,802","--","--","27.0","No","00:00:17.1","9","30.0","--","--","--","--","--","--","--","--","00:44:35","00:44:36","'-10","12"
Carrera,2023-07-24 19:45:46,false,"Bilbao Carrera","6.06","444","00:34:47","150","166","4.1","153","160","5:45","4:56","15","27","1.14","--","--","--","--","0.0","--","--","--","5,294","--","--","25.0","No","00:00:14.9","7","29.0","--","--","--","--","--","--","--","--","00:34:45","00:34:47","'-6","13"
Carrera,2023-07-22 10:37:34,false,"Bilbao Carrera","5.09","392","00:31:00","154","172","3.9","154","159","6:05","5:31","13","68","1.07","--","--","--","--","0.0","--","--","--","4,750","--","--","28.0","No","00:00:29.4","6","31.0","--","--","--","--","--","--","--","--","00:30:48","00:32:13","5","26"
Carrera,2023-07-20 21:38:06,false,"Bilbao Carrera","4.34","331","00:26:54","148","163","3.5","150","156","6:11","5:38","5","76","1.08","--","--","--","--","0.0","--","--","--","4,020","--","--","26.0","No","00:02:04.8","5","29.0","--","--","--","--","--","--","--","--","00:26:40","00:26:54","10","26"
Carrera,2023-06-22 21:15:03,false,"Bilbao - Trote suave","5.11","391","00:30:09","152","165","3.6","153","231","5:54","4:28","82","15","1.11","--","--","--","--","0.0","--","--","--","4,562","--","--","27.0","No","00:00:09.1","7","29.0","--","--","--","--","--","--","--","--","00:30:06","00:30:16","1","12"
Carrera,2023-06-17 20:06:16,false,"Bilbao Carrera","4.01","303","00:23:08","155","173","3.2","157","163","5:46","5:05","14","18","1.10","--","--","--","--","0.0","--","--","--","3,640","--","--","26.0","No","00:00:03.2","5","29.0","--","--","--","--","--","--","--","--","00:23:07","00:25:14","'-0","10"
Carrera,2023-06-17 19:56:48,false,"Bilbao - Carrera de referencia","1.82","123","00:09:00","155","169","2.5","156","165","4:56","4:13","8","7","1.30","--","--","--","--","0.0","--","--","--","1,404","--","--","25.0","No","00:00:19.3","4","28.0","--","--","--","--","--","--","--","--","00:08:41.3","00:09:00","8","14"
Carrera,2023-06-15 22:14:06,false,"Bilbao Carrera","6.14","469","00:35:11","156","169","4.0","154","202","5:44","5:09","12","12","1.13","--","--","--","--","0.0","--","--","--","5,378","--","--","24.0","No","00:00:41.5","7","27.0","--","--","--","--","--","--","--","--","00:35:09","00:36:50","6","15"
Cardio,2023-06-15 22:04:38,false,"Bilbao Cardio","0.52","96","00:08:39.1","135","167","2.0","--","--","3.6","8.4","43","42","--","--","--","--","--","0.0","--","--","--","--","--","--","26.0","No","00:08:39.1","1","29.0","--","--","--","--","--","--","--","--","00:07:47","00:08:41.8","18","26"
Carrera,2023-06-11 11:43:32,false,"Bilbao Carrera","10.03","765","00:56:58","160","175","5.0","157","162","5:41","4:54","19","34","1.12","--","--","--","--","0.0","--","--","--","8,878","--","--","28.0","No","00:00:12.4","11","31.0","--","--","--","--","--","--","--","--","00:56:57","00:59:08","'-7","20"
Carrera,2023-06-06 22:19:35,false,"Bilbao Carrera","6.05","451","00:34:18","153","167","3.8","153","159","5:40","4:54","16","30","1.15","--","--","--","--","0.0","--","--","--","5,192","--","--","28.0","No","00:00:18.5","7","31.0","--","--","--","--","--","--","--","--","00:34:17","00:34:18","'-3","21"
Carrera,2023-06-04 11:11:20,false,"Bilbao Carrera","8.66","683","00:55:25","152","169","3.8","154","163","6:24","5:27","28","33","1.02","--","--","--","--","0.0","--","--","--","8,492","--","--","30.0","No","00:04:53.4","9","33.0","--","--","--","--","--","--","--","--","00:55:09","00:57:44","2","21"
Carrera,2023-06-02 22:12:42,false,"Bilbao Carrera","7.65","583","00:43:41","157","170","4.2","155","161","5:43","4:57","25","35","1.13","--","--","--","--","0.0","--","--","--","6,714","--","--","26.0","No","00:03:57.1","8","29.0","--","--","--","--","--","--","--","--","00:43:38","00:43:41","2","20"
Carrera,2023-05-29 20:37:18,false,"Bilbao Carrera","9.34","691","00:51:23","158","172","4.8","155","204","5:30","4:41","12","29","1.18","--","--","--","--","0.0","--","--","--","7,888","--","--","27.0","No","00:01:58.4","10","30.0","--","--","--","--","--","--","--","--","00:51:19","00:54:06","'-24","2"
Carrera,2023-05-25 18:17:07,false,"Bilbao Carrera","8.50","632","00:47:22","157","173","4.6","156","227","5:34","4:15","23","44","1.15","--","--","--","--","0.0","--","--","--","7,348","--","--","22.0","No","00:02:43.2","9","26.0","--","--","--","--","--","--","--","--","00:46:59","00:47:22","'-5","20"
Carrera,2023-05-23 19:29:10,false,"Bilbao Carrera","5.62","421","00:31:44","154","171","3.9","155","159","5:39","5:12","17","15","1.14","--","--","--","--","0.0","--","--","--","4,908","--","--","22.0","No","00:03:30.9","6","28.0","--","--","--","--","--","--","--","--","00:31:42","00:31:44","1","12"
Carrera,2023-05-14 08:30:58,true,"Vitoria Carrera","21.07","1,595","02:01:09","161","179","5.0","158","170","5:45","4:32","60","60","1.10","--","--","--","--","0.0","--","--","--","19,088","--","--","15.0","No","00:00:23.2","22","22.0","--","--","--","--","--","--","--","--","02:01:03","02:01:09","502","537"
Carrera,2023-05-11 20:38:48,false,"Bilbao - 5 0 " R E G E N E R A T I V O","7.72","573","00:45:47","148","173","3.9","155","161","5:56","5:01","17","36","1.09","--","--","--","--","0.0","--","--","--","7,014","--","--","22.0","No","00:04:01.6","8","28.0","--","--","--","--","--","--","--","--","00:45:46","00:45:47","'-4","20"
Carrera,2023-05-09 19:41:10,false,"Bilbao Carrera","7.16","536","00:45:47","140","151","3.3","154","159","6:24","5:41","25","130","1.01","--","--","--","--","0.0","--","--","--","7,010","--","--","22.0","No","00:01:01.7","8","27.0","--","--","--","--","--","--","--","--","00:45:42","00:45:57","'-93","27"
Carrera,2023-05-07 21:12:58,false,"Bilbao - 4 5 " R E G E N E R A T I V O","8.04","590","00:45:02","155","168","4.1","157","167","5:36","4:12","29","33","1.14","--","--","--","--","0.0","--","--","--","7,030","--","--","23.0","No","00:00:02.1","10","28.0","--","--","--","--","--","--","--","--","00:45:00","00:45:02","'-3","26"
Carrera,2023-05-01 06:56:19,false,"Bilbao - 4 0 " A E R Ó B I C O","6.41","470","00:38:02","147","157","3.5","157","228","5:56","5:21","7","27","1.07","--","--","--","--","0.0","--","--","--","5,970","--","--","23.0","No","00:02:27.0","7","28.0","--","--","--","--","--","--","--","--","00:37:47","00:38:02","'-2","20"
Carrera,2023-04-29 11:21:54,false,"Bilbao - 1 6 K A E R Ó B I C O","14.74","1,135","01:32:18","157","173","4.5","157","231","6:16","5:25","30","46","1.02","--","--","--","--","0.0","--","--","--","14,404","--","--","25.0","No","00:04:41.8","15","31.0","--","--","--","--","--","--","--","--","01:32:14","01:36:35","'-9","12"
Carrera,2023-04-27 21:03:22,false,"Bilbao - 5 X 1 0 0 0 R E C : 2 M I N","8.90","697","00:57:51","152","175","4.1","140","212","6:30","4:41","7","30","1.08","--","--","--","--","0.0","--","--","--","8,176","--","--","25.0","No","00:02:00","14","30.0","--","--","--","--","--","--","--","--","00:54:45","00:57:51","'-1","25"
Carrera,2023-04-25 20:29:24,false,"Bilbao - 4 5 " R E G E N E R A T I V O","6.31","470","00:45:03","135","149","2.8","155","210","7:08","6:12","12","56","0.90","--","--","--","--","0.0","--","--","--","6,970","--","--","22.0","No","00:00:02.9","8","30.0","--","--","--","--","--","--","--","--","00:44:45","00:45:03","2","20"
Carrera,2023-04-23 07:20:41,false,"Bilbao - C O N T R O L 1 8 K","18.00","1,368","01:52:30","153","173","4.8","156","163","6:15","5:09","31","79","1.03","--","--","--","--","0.0","--","--","--","17,418","--","--","23.0","No","00:00:00.7","19","28.0","--","--","--","--","--","--","--","--","01:52:23","01:53:53","'-15","26"
Carrera,2023-04-20 20:47:54,false,"Bilbao - 5 0 " R E G E N E R A T I V O","8.42","610","00:50:03","144","158","3.7","154","191","5:57","5:16","12","53","1.09","--","--","--","--","0.0","--","--","--","7,660","--","--","20.0","No","00:00:02.5","10","29.0","--","--","--","--","--","--","--","--","00:49:34","00:51:30","'-0","21"
Carrera,2023-04-19 20:10:21,false,"Bilbao - F A R T L E K 4 X 2","8.04","585","00:48:04","148","175","3.9","149","240","5:59","4:23","14","40","1.11","--","--","--","--","0.0","--","--","--","7,148","--","--","22.0","No","00:00:03.5","13","27.0","--","--","--","--","--","--","--","--","00:47:57","00:48:43","'-2","25"
Cardio,2023-04-18 21:44:14,false,"Cardio","0.00","252","00:33:20","116","158","1.8","--","--","--","--","--","--","--","--","--","--","--","0.0","--","--","--","--","--","--","26.0","No","00:33:20","1","28.0","--","--","--","--","--","--","--","--","00:00:00","00:33:20","64","81"
Carrera,2023-04-17 20:32:44,false,"Bilbao - 5 0 " A E R Ó B I C O","8.21","613","00:50:03","146","163","3.8","152","158","6:06","5:08","5","39","1.08","--","--","--","--","0.0","--","--","--","7,574","--","--","19.0","No","00:00:03.3","10","24.0","--","--","--","--","--","--","--","--","00:49:59","00:50:03","'-21","12"
Carrera,2023-04-15 07:30:27,false,"Bilbao - 1 6 K A E R Ó B I C O","16.01","1,232","01:42:09","155","173","4.7","157","163","6:23","4:19","97","92","1.00","--","--","--","--","0.0","--","--","--","16,032","--","--","19.0","No","00:00:02.8","17","29.0","--","--","--","--","--","--","--","--","01:42:04","01:45:30","9","29"
Carrera,2023-04-13 20:32:47,false,"Bilbao - 5 0 " R E G E N E R A T I V O","7.60","556","00:50:01","139","162","3.4","151","161","6:35","5:08","19","55","1.01","--","--","--","--","0.0","--","--","--","7,490","--","--","20.0","No","00:00:01.5","9","24.0","--","--","--","--","--","--","--","--","00:49:52","00:50:01","'-9","26"
Carrera,2023-04-12 20:53:40,false,"Bilbao - F A R T L E K 3 X 2","7.50","549","00:49:03","142","173","3.5","142","234","6:32","4:15","24","45","1.06","--","--","--","--","0.0","--","--","--","6,960","--","--","18.0","No","00:00:02.7","15","27.0","--","--","--","--","--","--","--","--","00:49:01","00:49:03","4","32"
Entreno de fuerza,2023-04-11 21:55:06,false,"Bilbao Cardio","0.99","346","00:42:04","122","167","2.3","--","--","1.4","16.5","41","30","--","--","--","--","--","0.0","--","--","--","--","--","--","23.0","No","00:42:04","1","30.0","--","--","--","--","--","--","--","--","00:11:25","00:52:25","91","121"
Carrera,2023-04-10 09:27:11,false,"Bilbao - 5 0 " A E R Ó B I C O","7.67","567","00:50:04","142","159","3.4","154","161","6:32","5:35","15","44","1.00","--","--","--","--","0.0","--","--","--","7,644","--","--","19.0","No","00:00:03.8","9","27.0","--","--","--","--","--","--","--","--","00:50:02","00:50:04","'-9","13"
Carrera,2023-04-08 11:36:19,false,"Bilbao - CONTROL 12K","12.01","931","01:16:11","156","165","4.5","155","163","6:21","5:10","23","78","1.01","--","--","--","--","0.0","--","--","--","11,788","--","--","24.0","No","00:00:02.1","13","29.0","--","--","--","--","--","--","--","--","01:15:57","01:16:36","'-32","4"
Carrera,2023-04-06 21:19:39,false,"Bilbao - 5 0 " R E G E N E R A T I V O","7.42","559","00:50:01","144","162","3.3","152","161","6:44","5:10","6","40","0.98","--","--","--","--","0.0","--","--","--","7,544","--","--","21.0","No","00:00:01.1","9","29.0","--","--","--","--","--","--","--","--","00:49:47","00:50:01","3","25"
Carrera,2023-04-05 21:09:36,false,"Bilbao - F A R T L E K 2X2","6.44","479","00:44:02","139","177","3.5","135","228","6:51","3:53","41","62","1.05","--","--","--","--","0.0","--","--","--","5,966","--","--","18.0","No","00:00:02.3","15","27.0","--","--","--","--","--","--","--","--","00:42:35","00:44:02","6","26"
Cardio,2023-04-04 23:07:54,false,"Cardio","0.00","275","00:32:05","111","150","2.0","--","--","--","--","--","--","--","--","--","--","--","0.0","--","--","--","--","--","--","25.0","No","00:00:02.5","2","28.0","--","--","--","--","--","--","--","--","00:00:00","00:43:07","'-12","8"
Carrera,2023-04-03 21:02:17,false,"Bilbao - 4 0 " A E R Ó B I C O","6.20","444","00:40:06","137","155","3.3","150","242","6:28","4:59","10","37","1.03","--","--","--","--","0.0","--","--","--","5,964","--","--","18.0","No","00:00:06.0","8","25.0","--","--","--","--","--","--","--","--","00:40:04","00:40:06","'-3","27"
Carrera,2023-04-01 10:09:58,false,"Bilbao - S P L I T N E G A T I V O 6 0 "","9.58","719","01:00:03","149","166","4.4","155","244","6:16","5:38","22","60","1.03","--","--","--","--","0.0","--","--","--","9,262","--","--","20.0","No","00:00:02.9","11","28.0","--","--","--","--","--","--","--","--","00:59:47","01:00:15","3","32"
Carrera,2023-03-30 21:35:04,false,"Bilbao - 4 5 " R E G E N E R A T I V O","6.68","484","00:45:03","136","153","3.4","147","158","6:45","5:44","37","114","1.01","--","--","--","--","0.0","--","--","--","6,606","--","--","25.0","No","00:00:03.5","8","28.0","--","--","--","--","--","--","--","--","00:44:43","00:45:03","2","28"
Carrera,2023-03-29 21:17:18,false,"Bilbao - 2 X 2 0 0 0 R E C : 2 M I N","8.40","612","00:59:55","145","173","4.0","150","163","7:08","4:58","15","53","0.93","--","--","--","--","0.0","--","--","--","9,038","--","--","27.0","No","00:00:02.1","11","31.0","--","--","--","--","--","--","--","--","00:59:46","01:00:21","'-20","4"
Cardio,2023-03-28 21:21:32,false,"Cardio","0.00","310","00:35:29","130","152","0.5","--","--","--","--","--","--","--","--","--","--","--","0.0","--","--","--","--","--","--","27.0","No","00:35:29","1","29.0","--","--","--","--","--","--","--","--","00:00:00","00:35:29","81","98"
Carrera,2023-03-27 20:49:35,false,"Bilbao - 1 0 K P R O G R E S I V O","10.01","686","01:32:10","129","149","2.5","140","222","9:12","7:00","33","42","0.78","--","--","--","--","0.0","--","--","--","12,894","--","--","17.0","No","00:00:02.4","11","28.0","--","--","--","--","--","--","--","--","01:31:59","01:32:10","13","31"
Carrera,2023-03-25 10:35:32,false,"Bilbao - 1 4 K A E R Ó B I C O","14.00","1,014","02:06:13","133","155","3.1","141","230","9:01","6:57","111","67","0.80","--","--","--","--","0.0","--","--","--","17,804","--","--","24.0","No","00:00:01.7","15","31.0","--","--","--","--","--","--","--","--","02:04:55","02:10:57","'-8","32"
Carrera,2023-03-23 21:01:31,false,"Bilbao - 5 0 " R E G E N E R A T I V O","6.48","447","00:50:02","119","134","2.6","151","161","7:43","6:38","40","69","0.86","--","--","--","--","0.0","--","--","--","7,510","--","--","26.0","No","00:00:01.6","8","28.0","--","--","--","--","--","--","--","--","00:50:00","00:50:02","'-6","26"
Carrera,2023-03-22 20:57:17,false,"Bilbao - 4 X 1 0 0 0 R E C : 2 M I N","7.27","519","00:50:00","139","176","4.2","137","250","6:52","4:04","37","50","1.03","--","--","--","--","0.0","--","--","--","6,910","--","--","23.0","No","00:02:00","11","30.0","--","--","--","--","--","--","--","--","00:49:22","00:50:00","9","27"
Carrera,2023-03-20 21:04:40,false,"Bilbao - 5 0 " A E R Ó B I C O","6.21","430","00:50:03","118","133","2.5","148","161","8:04","7:10","22","29","0.84","--","--","--","--","0.0","--","--","--","7,382","--","--","20.0","No","00:00:03.1","8","29.0","--","--","--","--","--","--","--","--","00:50:01","00:50:27","9","31"
Carrera,2023-03-18 21:10:59,false,"Bilbao - 1 2 K A E R Ó B I C O","12.01","796","01:46:03","123","134","2.8","149","160","8:50","7:19","133","61","0.76","--","--","--","--","0.0","--","--","--","15,702","--","--","16.0","No","00:00:01.7","13","29.0","--","--","--","--","--","--","--","--","01:45:45","01:48:00","'-4","38"
Carrera,2023-03-16 21:12:36,false,"Bilbao - 4 0 " R E G E N E R A T I V O","4.70","310","00:40:08","119","131","2.0","147","228","8:33","7:16","4","46","0.80","--","--","--","--","0.0","--","--","--","5,866","--","--","26.0","No","00:00:08.2","6","29.0","--","--","--","--","--","--","--","--","00:40:04","00:40:08","'-3","27"
Carrera,2023-03-15 20:44:24,false,"Bilbao - 7 x 4 0 0 R E C : 1 M I N","6.20","438","00:43:13","137","180","3.9","130","241","6:59","3:50","28","71","1.08","--","--","--","--","0.0","--","--","--","5,672","--","--","21.0","No","00:00:01.6","19","29.0","--","--","--","--","--","--","--","--","00:43:06","00:43:13","8","32"
Carrera,2023-03-13 20:36:39,false,"Bilbao - 4 5 " A E R Ó B I C O","5.24","351","00:45:02","121","135","2.2","143","157","8:36","6:47","33","43","0.82","--","--","--","--","0.0","--","--","--","6,464","--","--","20.0","No","00:00:01.6","7","30.0","--","--","--","--","--","--","--","--","00:44:52","00:45:47","2","31"
Carrera,2023-03-11 20:52:44,false,"Bilbao - 1 0 K A E R Ó B I C O","10.00","664","01:30:12","123","137","2.5","146","242","9:01","6:24","56","44","0.76","--","--","--","--","0.0","--","--","--","13,110","--","--","18.0","No","00:00:01.4","11","29.0","--","--","--","--","--","--","--","--","01:30:09","01:30:37","6","28"
Carrera,2023-03-09 21:18:07,false,"Bilbao - 4 5 " R E G E N E R A T I V O","5.14","348","00:45:01","123","134","2.0","143","240","8:45","6:54","24","30","0.80","--","--","--","--","0.0","--","--","--","6,468","--","--","23.0","No","00:00:01.4","7","30.0","--","--","--","--","--","--","--","--","00:45:00","00:45:01","6","29"
Carrera,2023-03-08 20:40:34,false,"Bilbao - F A R T L E K 2X2","6.20","429","00:44:01","132","178","3.4","130","167","7:06","3:48","20","30","1.06","--","--","--","--","0.0","--","--","--","5,738","--","--","20.0","No","00:00:00.7","15","27.0","--","--","--","--","--","--","--","--","00:43:37","00:44:01","8","26"
Carrera,2023-03-06 20:44:33,false,"Bilbao - 4 0 " A E R Ó B I C O","4.65","324","00:40:04","113","136","2.1","134","242","8:37","7:17","21","19","0.87","--","--","--","--","0.0","--","--","--","5,388","--","--","17.0","No","00:00:03.5","6","27.0","--","--","--","--","--","--","--","--","00:40:01","00:40:04","20","32"
Carrera,2023-03-04 21:27:22,false,"Bilbao - 8 K P R O G R E S I V O","9.14","646","01:15:45","116","147","2.7","120","250","8:18","6:16","53","45","1.01","--","--","--","--","0.0","--","--","--","9,094","--","--","12.0","No","00:00:03.1","11","26.0","--","--","--","--","--","--","--","--","01:15:35","01:15:59","22","49"
Carrera,2023-03-02 21:15:36,false,"Bilbao - 4 5 " R E G E N E R A T I V O","5.31","376","00:45:07","116","139","2.2","119","241","8:30","5:40","22","13","0.99","--","--","--","--","0.0","--","--","--","5,388","--","--","16.0","No","00:00:07.3","7","26.0","--","--","--","--","--","--","--","--","00:45:05","00:45:07","'-1","10"
Carrera,2023-03-01 20:53:19,false,"Bilbao - F A R T L E K 1 X 1","5.61","401","00:40:07","138","180","3.4","125","250","7:09","3:36","27","30","1.09","--","--","--","--","0.0","--","--","--","5,006","--","--","16.0","No","00:00:07.2","21","28.0","--","--","--","--","--","--","--","--","00:39:38","00:40:07","24","39"
Cardio,2023-02-27 22:21:50,false,"Cardio","0.00","77","00:08:37.9","123","143","1.0","--","--","--","--","--","--","--","--","--","--","--","0.0","--","--","--","--","--","--","22.0","No","00:08:37.9","1","25.0","--","--","--","--","--","--","--","--","00:00:00","00:08:37.9","12","18"
Carrera,2023-02-27 21:30:09,false,"Bilbao - 4 0 " A E R Ó B I C O","4.73","335","00:40:09","120","144","2.1","121","160","8:30","6:54","20","15","0.98","--","--","--","--","0.0","--","--","--","4,868","--","--","13.0","No","00:00:08.9","6","23.0","--","--","--","--","--","--","--","--","00:39:53","00:40:09","21","35"
Caminar,2023-02-23 08:42:51,false,"Bilbao Caminar","1.01","60","00:07:43.3","110","125","0.8","117","134","7:37","5:03","11","4","1.12","--","--","--","--","0.0","--","--","--","908","--","--","21.0","No","00:07:43.3","1","27.0","--","--","--","--","--","--","--","--","00:07:41","00:07:43.3","34","44"
Carrera,2023-02-18 07:08:39,false,"Madrid - Trote suave","4.83","355","00:28:01","155","174","3.5","157","163","5:48","5:12","50","47","1.10","--","--","--","--","0.0","--","--","--","4,398","--","--","18.0","No","00:04:43.2","5","27.0","--","--","--","--","--","--","--","--","00:27:50","00:29:59","646","690"
Carrera,2023-02-17 06:37:14,false,"Bilbao - Carrera mientras está cansado","3.22","220","00:15:44","162","182","3.4","160","169","4:53","4:34","11","12","1.28","--","--","--","--","0.0","--","--","--","2,534","--","--","15.0","No","00:01:07.5","4","24.0","--","--","--","--","--","--","--","--","00:15:38","00:15:56","15","27"
Carrera,2023-02-15 20:18:58,false,"Bilbao - Carrera de intervalo negativo","9.66","704","00:53:52","159","173","4.8","157","165","5:35","4:51","20","43","1.14","--","--","--","--","0.0","--","--","--","8,418","--","--","18.0","No","00:01:11.2","11","26.0","--","--","--","--","--","--","--","--","00:53:40","00:54:07","'-1","31"
Carrera,2023-02-13 20:47:51,false,"Bilbao - Carrera con ritmo","3.22","204","00:15:06","154","172","3.2","158","167","4:41","4:10","15","94","1.35","--","--","--","--","0.0","--","--","--","2,378","--","--","19.0","No","00:02:52.8","4","28.0","--","--","--","--","--","--","--","--","00:14:47","00:15:06","21","31"
Carrera,2023-02-11 09:31:49,false,"Cenicero - Trote suave","5.30","363","00:26:58","159","170","3.9","158","167","5:05","4:35","35","32","1.24","--","--","--","--","0.0","--","--","--","4,284","--","--","13.0","No","00:02:26.5","6","26.0","--","--","--","--","--","--","--","--","00:26:50","00:29:31","416","444"
Carrera,2023-02-10 06:25:14,false,"Bilbao - Carrera mientras está cansado","2.30","150","00:11:04","154","173","3.1","158","167","4:49","4:15","10","13","1.32","--","--","--","--","0.0","--","--","--","1,780","--","--","15.0","No","00:02:50.2","3","23.0","--","--","--","--","--","--","--","--","00:10:50","00:11:25","19","29"
Carrera,2023-02-08 18:38:47,false,"Bilbao - Carrera de intervalo negativo","8.05","558","00:41:56","157","173","4.6","160","190","5:13","4:30","23","30","1.20","--","--","--","--","0.0","--","--","--","6,710","--","--","16.0","No","00:00:07.3","10","23.0","--","--","--","--","--","--","--","--","00:41:48","00:42:07","10","29"
Carrera,2023-02-06 18:41:22,false,"Bilbao - Ejercicio de cadencia","3.62","241","00:18:35","155","169","3.3","163","176","5:08","3:52","6","18","1.19","--","--","--","--","0.0","--","--","--","3,008","--","--","19.0","No","00:02:18.3","5","24.0","--","--","--","--","--","--","--","--","00:18:34","00:18:43","11","26"
Carrera,2023-02-04 10:02:36,false,"Bilbao - Trote suave","4.83","323","00:25:03","155","167","3.6","161","167","5:11","4:46","13","24","1.20","--","--","--","--","0.0","--","--","--","4,018","--","--","18.0","No","00:04:20.7","5","27.0","--","--","--","--","--","--","--","--","00:24:54","00:26:13","10","26"
Carrera,2023-02-03 21:52:24,false,"Bilbao Carrera","0.89","62","00:04:51.1","152","163","2.0","154","163","5:26","4:39","1","11","1.19","--","--","--","--","0.0","--","--","--","758","--","--","21.0","No","00:04:51.1","1","22.0","--","--","--","--","--","--","--","--","00:04:51.1","00:04:51.1","6","9"
Carrera,2023-02-03 21:43:32,false,"Bilbao - Carrera mientras está cansado","1.61","102","00:07:39.4","147","171","2.5","159","165","4:45","3:48","3","11","1.32","--","--","--","--","0.0","--","--","--","1,224","--","--","22.0","No","00:02:53.3","2","28.0","--","--","--","--","--","--","--","--","00:07:39","00:07:39.4","15","25"
Carrera,2023-02-01 19:55:46,false,"Bilbao - Carrera de intervalo negativo","6.39","450","00:34:02","159","176","4.3","155","202","5:20","4:00","9","26","1.21","--","--","--","--","0.0","--","--","--","5,288","--","--","16.0","No","00:00:07.7","8","26.0","--","--","--","--","--","--","--","--","00:33:26","00:34:18","2","27"
Carrera,2023-01-31 20:04:02,false,"Bilbao Carrera","2.59","189","00:14:28","162","169","3.1","154","160","5:36","4:51","4","25","1.16","--","--","--","--","0.0","--","--","--","2,222","--","--","20.0","No","00:02:56.3","3","22.0","--","--","--","--","--","--","--","--","00:14:27","00:14:28","'-0","11"
Carrera,2023-01-31 19:54:20,false,"Bilbao - Carrera de referencia","1.79","115","00:09:00","154","172","2.5","158","165","5:02","4:10","4","2","1.26","--","--","--","--","0.0","--","--","--","1,410","--","--","22.0","No","00:00:28.7","4","27.0","--","--","--","--","--","--","--","--","00:08:59.0","00:09:00","19","21"
Carrera,2023-01-29 10:30:37,true,"Guecho Carrera","11.93","883","01:05:05","169","176","5.0","156","161","5:27","4:50","35","48","1.17","--","--","--","--","0.0","--","--","--","10,072","--","--","19.0","No","00:04:58.1","12","26.0","--","--","--","--","--","--","--","--","01:04:50","01:05:05","'-15","10"
Carrera,2023-01-27 18:12:45,false,"Bilbao Carrera","6.48","470","00:37:09","153","173","4.4","154","163","5:44","4:58","114","48","1.14","--","--","--","--","0.0","--","--","--","5,686","--","--","17.0","No","00:02:44.0","7","25.0","--","--","--","--","--","--","--","--","00:36:50","00:37:32","3","31"
Carrera,2023-01-25 20:53:23,false,"Bilbao Carrera","6.45","469","00:36:48","162","176","4.3","153","160","5:43","5:23","88","49","1.15","--","--","--","--","0.0","--","--","--","5,590","--","--","21.0","No","00:02:27.5","7","27.0","--","--","--","--","--","--","--","--","00:36:46","00:36:48","1","31"
Carrera,2023-01-21 11:15:43,false,"Bilbao - Carrera de 10 km","10.00","752","00:57:09","166","176","5.0","156","165","5:43","5:09","129","47","1.12","--","--","--","--","0.0","--","--","--","8,898","--","--","18.0","No","00:05:30.1","10","26.0","--","--","--","--","--","--","--","--","00:56:35","00:58:04","4","32"
Carrera,2023-01-19 20:48:47,false,"Bilbao - Trote suave","4.37","321","00:25:34","151","172","3.6","152","156","5:51","5:24","30","51","1.12","--","--","--","--","0.0","--","--","--","3,864","--","--","20.0","No","00:00:34.3","6","25.0","--","--","--","--","--","--","--","--","00:25:33","00:25:34","'-2","25"
Carrera,2023-01-10 20:37:21,false,"Bilbao - Carrera de progresión","6.31","444","00:34:31","158","177","4.1","154","161","5:28","4:47","27","59","1.18","--","--","--","--","0.0","--","--","--","5,298","--","--","18.0","No","00:04:07.7","7","26.0","--","--","--","--","--","--","--","--","00:34:24","00:34:49","10","30"
Trabajo de respiración,2023-01-08 23:24:34,false,"Relaj. y concentr.","0.00","--","00:05:38","62","70","0.0","--","--","0.0","--","--","--","--","--","--","--","--","0.0","--","--","--","--","--","--","28.0","No","00:00:03","103","29.0","4","4","12","'-18","19","1","8","19","00:00:00","00:05:34","--","--"
Carrera,2023-01-07 14:06:24,false,"Bilbao - Repeticiones de zancada","4.98","367","00:29:16","155","180","3.7","144","246","5:52","2:46","89","84","1.18","--","--","--","--","0.0","--","--","--","4,238","--","--","20.0","No","00:00:20","21","28.0","--","--","--","--","--","--","--","--","00:28:36","00:29:16","18","40"
Carrera,2023-01-05 21:45:58,false,"Bilbao - Repeticiones de zancada","5.31","372","00:29:38","152","170","3.7","149","226","5:35","2:41","12","20","1.21","--","--","--","--","0.0","--","--","--","4,384","--","--","16.0","No","00:00:20","21","28.0","--","--","--","--","--","--","--","--","00:29:29","00:29:38","16","30"
Carrera,2023-01-03 23:08:10,false,"Bilbao - Trote suave","5.38","379","00:30:00","150","168","3.8","154","160","5:35","4:56","13","33","1.16","--","--","--","--","0.0","--","--","--","4,598","--","--","16.0","No","00:04:32.1","6","26.0","--","--","--","--","--","--","--","--","00:29:56","00:30:00","11","28"
Carrera,2022-12-31 16:31:02,true,"Bilbao Carrera","7.31","540","00:42:34","162","174","4.4","158","167","5:50","4:42","80","52","1.09","--","--","--","--","0.0","--","--","--","6,688","--","--","26.0","No","00:01:25.6","8","30.0","--","--","--","--","--","--","--","--","00:42:33","00:42:34","6","49"
Carrera,2022-12-29 10:32:43,false,"Bilbao - Trote suave","6.03","452","00:36:46","156","172","4.0","153","165","6:06","5:17","11","25","1.06","--","--","--","--","0.0","--","--","--","5,632","--","--","22.0","No","00:00:07.2","9","28.0","--","--","--","--","--","--","--","--","00:35:49","00:36:49","10","26"
Carrera,2022-12-27 21:55:08,false,"Bilbao - Carrera de progresión","6.32","435","00:34:23","155","172","4.1","156","163","5:26","4:56","10","22","1.18","--","--","--","--","0.0","--","--","--","5,332","--","--","19.0","No","00:04:04.5","7","28.0","--","--","--","--","--","--","--","--","00:34:21","00:34:23","12","27"
Carrera,2022-12-25 11:09:05,false,"Bilbao - Repeticiones de zancada","5.05","362","00:30:35","150","168","3.5","149","221","6:03","3:38","10","28","1.11","--","--","--","--","0.0","--","--","--","4,478","--","--","22.0","No","00:00:20","21","26.0","--","--","--","--","--","--","--","--","00:30:24","00:30:35","5","25"
Carrera,2022-12-23 19:14:41,false,"Bilbao - Trote suave","11.94","876","01:10:00","159","174","5.0","154","225","5:52","4:58","115","92","1.11","--","--","--","--","0.0","--","--","--","10,724","--","--","23.0","No","00:04:11.0","13","28.0","--","--","--","--","--","--","--","--","01:09:30","01:11:58","'-3","28"
Carrera,2022-12-21 21:41:09,false,"Bilbao - Carrera de progresión","6.68","486","00:39:17","157","171","4.0","154","161","5:53","5:11","13","31","1.11","--","--","--","--","0.0","--","--","--","6,004","--","--","23.0","No","00:02:52.2","8","29.0","--","--","--","--","--","--","--","--","00:39:13","00:39:17","'-6","12"
Carrera,2022-12-17 19:00:33,false,"Bilbao - Repeticiones de zancada","7.23","547","00:45:37","158","181","4.0","146","229","6:18","3:02","25","40","1.07","--","--","--","--","0.0","--","--","--","6,574","--","--","17.0","No","00:00:20","35","28.0","--","--","--","--","--","--","--","--","00:45:14","00:46:25","6","31"
Carrera,2022-12-15 20:57:49,false,"Bilbao - Trote suave","11.55","877","01:10:00","163","173","5.0","152","190","6:04","5:09","14","41","1.09","--","--","--","--","0.0","--","--","--","10,598","--","--","20.0","No","00:02:45.1","13","27.0","--","--","--","--","--","--","--","--","01:09:57","01:10:29","'-3","31"
Carrera,2022-12-13 20:50:19,false,"Bilbao - Carrera de progresión","7.05","514","00:43:04","160","173","3.9","152","190","6:06","4:59","14","35","1.08","--","--","--","--","0.0","--","--","--","6,500","--","--","22.0","No","00:00:47.1","9","27.0","--","--","--","--","--","--","--","--","00:43:02","00:43:17","'-1","25"
Carrera,2022-12-11 20:47:38,false,"Bilbao - Repeticiones de zancada","7.17","529","00:43:54","155","183","4.0","144","212","6:08","2:51","17","30","1.13","--","--","--","--","0.0","--","--","--","6,304","--","--","16.0","No","00:00:20","31","29.0","--","--","--","--","--","--","--","--","00:43:23","00:44:01","9","30"
Carrera,2022-12-08 10:36:15,false,"Bilbao - Trote suave","8.09","619","00:50:00","165","174","4.6","154","169","6:11","5:27","19","32","1.05","--","--","--","--","0.0","--","--","--","7,674","--","--","19.0","No","00:04:06.7","9","27.0","--","--","--","--","--","--","--","--","00:49:57","00:50:31","7","26"
Carrera,2022-12-06 20:39:21,false,"Bilbao - Trote suave","7.95","597","00:49:27","160","173","4.2","150","166","6:13","5:24","56","36","1.07","--","--","--","--","0.0","--","--","--","7,394","--","--","19.0","No","00:00:12.5","11","28.0","--","--","--","--","--","--","--","--","00:49:24","00:49:34","3","27"
Carrera,2022-12-03 21:09:03,false,"Bilbao - Trote suave","8.40","616","00:51:18","156","171","4.2","152","158","6:07","4:40","32","35","1.08","--","--","--","--","0.0","--","--","--","7,774","--","--","13.0","No","00:00:29.2","11","27.0","--","--","--","--","--","--","--","--","00:51:07","00:52:01","9","32"
Carrera,2022-12-01 22:11:43,false,"Bilbao - Trote suave","10.17","761","01:00:00","164","173","5.0","150","190","5:54","5:02","15","40","1.13","--","--","--","--","0.0","--","--","--","8,978","--","--","18.0","No","00:00:22.1","12","25.0","--","--","--","--","--","--","--","--","00:59:46","01:00:14","'-2","28"
Carrera,2022-11-29 20:43:23,false,"Bilbao - Carrera de progresión","8.01","577","00:45:39","160","173","4.6","152","160","5:42","4:57","14","30","1.16","--","--","--","--","0.0","--","--","--","6,918","--","--","20.0","No","00:00:39.0","10","27.0","--","--","--","--","--","--","--","--","00:45:31","00:48:00","6","26"
Carrera,2022-11-27 09:40:04,false,"Bilbao - Repeticiones de zancada","6.95","516","00:42:12","158","178","4.2","148","230","6:04","2:56","22","30","1.11","--","--","--","--","0.0","--","--","--","6,156","--","--","18.0","No","00:00:20","27","24.0","--","--","--","--","--","--","--","--","00:41:17","00:42:16","10","25"
Carrera,2022-11-24 21:18:58,false,"Bilbao - Trote suave","8.16","602","00:46:51","163","175","5.0","151","228","5:45","5:05","14","36","1.15","--","--","--","--","0.0","--","--","--","7,038","--","--","19.0","No","00:01:15.2","10","28.0","--","--","--","--","--","--","--","--","00:46:49","00:46:51","2","27"
Carrera,2022-11-22 20:08:02,false,"Bilbao - Carrera de progresión","6.75","483","00:38:54","159","172","4.4","152","160","5:46","2:54","15","38","1.14","--","--","--","--","0.0","--","--","--","5,900","--","--","20.0","No","00:03:26.7","8","26.0","--","--","--","--","--","--","--","--","00:38:53","00:39:04","'-0","26"
Carrera,2022-11-19 20:52:28,false,"Bilbao - Repeticiones de zancada","4.05","291","00:24:49","157","172","3.4","141","231","6:08","2:27","12","15","1.14","--","--","--","--","0.0","--","--","--","3,436","--","--","16.0","No","00:00:16.4","25","20.0","--","--","--","--","--","--","--","--","00:24:14","00:25:12","'-2","7"
Carrera,2022-11-19 20:33:31,false,"Bilbao Carrera","2.85","213","00:17:36","141","165","3.2","144","156","6:10","5:27","12","15","1.12","--","--","--","--","0.0","--","--","--","2,544","--","--","18.0","No","00:00:08.6","5","29.0","--","--","--","--","--","--","--","--","00:16:58","00:17:55","16","28"
Carrera,2022-11-17 15:39:01,false,"Bilbao - Trote suave","8.56","616","00:50:02","163","175","5.0","151","160","5:51","5:08","16","42","1.13","--","--","--","--","0.0","--","--","--","7,534","--","--","19.0","No","00:00:01.6","10","29.0","--","--","--","--","--","--","--","--","00:49:55","00:50:18","'-4","24"
Carrera,2022-11-15 20:28:19,false,"Bilbao - Carrera de progresión","5.30","384","00:33:46","151","172","3.9","145","155","6:22","5:17","12","22","1.07","--","--","--","--","0.0","--","--","--","4,868","--","--","20.0","No","00:00:01.0","8","30.0","--","--","--","--","--","--","--","--","00:33:46","00:33:53","13","28"
Carrera,2022-11-12 20:44:28,false,"Bilbao - Repeticiones de zancada","5.34","389","00:33:06","155","177","3.9","142","231","6:12","3:07","20","30","1.14","--","--","--","--","0.0","--","--","--","4,688","--","--","23.0","No","00:00:01.0","26","28.0","--","--","--","--","--","--","--","--","00:32:43","00:34:10","14","25"
Carrera,2022-11-10 21:32:47,false,"Bilbao - Trote suave","4.80","354","00:29:24","154","166","3.9","146","160","6:08","5:23","5","20","1.12","--","--","--","--","0.0","--","--","--","4,292","--","--","20.0","No","00:00:34.5","6","28.0","--","--","--","--","--","--","--","--","00:29:03","00:29:40","5","22"
Carrera,2022-11-08 20:33:55,false,"Bilbao - Trote suave","4.75","350","00:30:00","152","167","3.8","145","153","6:19","4:27","9","24","1.09","--","--","--","--","0.0","--","--","--","4,362","--","--","25.0","No","00:00:01.9","6","30.0","--","--","--","--","--","--","--","--","00:29:46","00:30:00","5","23"
Carrera,2022-11-05 21:08:52,false,"Bilbao - Trote suave","4.67","344","00:30:00","150","164","3.9","144","153","6:25","5:26","7","20","1.08","--","--","--","--","0.0","--","--","--","4,324","--","--","19.0","No","00:00:11.1","6","28.0","--","--","--","--","--","--","--","--","00:29:54","00:30:00","7","23"
Carrera,2022-11-03 20:56:52,false,"Bilbao - Trote suave","8.01","592","00:50:00","157","167","5.0","148","155","6:14","5:38","14","23","1.09","--","--","--","--","0.0","--","--","--","7,376","--","--","20.0","No","00:00:15.3","7","29.0","--","--","--","--","--","--","--","--","00:49:58","00:50:00","11","22"
Carrera,2022-11-01 20:52:44,false,"Bilbao Carrera","2.47","174","00:14:17","157","168","3.3","147","154","5:47","5:16","4","5","1.17","--","--","--","--","0.0","--","--","--","2,126","--","--","22.0","No","00:05:03.2","2","24.0","--","--","--","--","--","--","--","--","00:14:08","00:14:41","2","6"
Carrera,2022-11-01 20:42:21,false,"Bilbao - Carrera de referencia","1.58","114","00:09:00","144","162","3.1","147","160","5:43","2:01","5","3","1.19","--","--","--","--","0.0","--","--","--","1,334","--","--","24.0","No","00:02:00","3","30.0","--","--","--","--","--","--","--","--","00:08:59","00:09:00.9","19","23"
Carrera,2022-10-30 21:17:36,false,"Bilbao Carrera","4.09","282","00:22:58","156","175","4.3","149","180","5:37","5:02","8","25","1.19","--","--","--","--","0.0","--","--","--","3,424","--","--","22.0","No","00:04:43.4","3","30.0","--","--","--","--","--","--","--","--","00:22:57","00:24:01","11","25"
Carrera,2022-10-27 21:23:30,false,"Bilbao Carrera","4.05","286","00:22:50","161","176","4.4","151","204","5:39","5:02","10","28","1.17","--","--","--","--","0.0","--","--","--","3,448","--","--","28.0","No","00:04:39.1","3","31.0","--","--","--","--","--","--","--","--","00:22:50","00:24:06","5","21"
Carrera,2022-10-23 21:06:32,false,"Bilbao Carrera","4.35","312","00:25:12","163","175","4.5","151","160","5:48","5:16","36","37","1.14","--","--","--","--","0.0","--","--","--","3,806","--","--","27.0","No","00:00:01.2","4","32.0","--","--","--","--","--","--","--","--","00:25:10","00:27:16","11","41"
Carrera,2022-10-20 06:42:15,false,"Bilbao Carrera","4.13","288","00:23:13","164","180","4.5","152","192","5:37","4:58","18","36","1.17","--","--","--","--","0.0","--","--","--","3,520","--","--","24.0","No","00:05:15.2","3","29.0","--","--","--","--","--","--","--","--","00:23:13","00:24:11","1","21"
Carrera,2022-10-15 20:11:34,false,"Bilbao Carrera","4.03","302","00:23:55","170","185","4.7","149","216","5:56","5:17","13","31","1.13","--","--","--","--","0.0","--","--","--","3,592","--","--","26.0","No","00:04:34","3","31.0","--","--","--","--","--","--","--","--","00:23:54","00:23:55","2","22"
Carrera,2022-10-04 20:47:16,false,"Bilbao Carrera","4.04","291","00:23:28","163","182","4.4","150","219","5:48","5:01","12","27","1.15","--","--","--","--","0.0","--","--","--","3,530","--","--","23.0","No","00:04:37.6","3","29.0","--","--","--","--","--","--","--","--","00:23:10","00:23:28","5","20"
Carrera,2022-10-01 21:10:58,false,"Bilbao Carrera","4.04","292","00:23:17","167","180","4.8","150","160","5:46","4:57","14","25","1.16","--","--","--","--","0.0","--","--","--","3,494","--","--","24.0","No","00:04:32.1","3","30.0","--","--","--","--","--","--","--","--","00:23:16","00:23:17","9","25"
Carrera,2022-09-28 21:06:05,false,"Bilbao Carrera","4.02","295","00:24:07","163","178","5.0","149","182","6:00","4:54","17","29","1.12","--","--","--","--","0.0","--","--","--","3,598","--","--","25.0","No","00:04:26.8","3","31.0","--","--","--","--","--","--","--","--","00:24:02","00:24:07","8","25"
Carrera,2022-09-25 21:02:29,false,"Bilbao Carrera","4.05","290","00:24:16","157","176","5.0","148","206","5:59","5:12","22","30","1.13","--","--","--","--","0.0","--","--","--","3,596","--","--","21.0","No","00:04:41.7","3","29.0","--","--","--","--","--","--","--","--","00:24:15","00:24:16","5","21"
Carrera,2022-09-22 20:24:22,false,"Bilbao Carrera","4.04","299","00:25:04","160","178","5.0","148","173","6:12","5:29","14","30","1.09","--","--","--","--","0.0","--","--","--","3,702","--","--","24.0","No","00:04:42.7","3","30.0","--","--","--","--","--","--","--","--","00:25:02","00:25:19","2","21"
Carrera,2022-09-19 20:55:37,false,"Bilbao Carrera","4.03","308","00:26:47","159","176","4.9","146","182","6:38","5:38","26","28","1.03","--","--","--","--","0.0","--","--","--","3,936","--","--","24.0","No","00:05:07.2","3","30.0","--","--","--","--","--","--","--","--","00:26:46","00:26:47","5","21"
Carrera,2022-09-15 20:45:01,false,"Bilbao Carrera","3.27","254","00:21:55","156","178","4.6","146","162","6:42","5:58","13","22","1.02","--","--","--","--","0.0","--","--","--","3,210","--","--","26.0","No","00:00:21.7","3","31.0","--","--","--","--","--","--","--","--","00:21:49","00:21:55","9","20"
Tenis,2022-08-05 09:20:07,false,"Las Condes Tenis","0.48","317","00:40:42","129","151","3.1","21","198","0.7","7.6","7","9","0.55","--","--","--","--","0.0","--","--","--","2,426","--","--","23.0","No","00:00:01.0","3","28.0","--","--","--","--","--","--","--","--","00:06:18","00:40:45","667","671"
Carrera,2022-08-05 08:49:17,false,"Las Condes Carrera","3.02","238","00:20:39","158","179","4.6","136","156","6:51","5:32","4","2","1.07","--","--","--","--","0.0","--","--","--","2,856","--","--","18.0","No","00:03:34.9","3","26.0","--","--","--","--","--","--","--","--","00:19:11","00:22:48","668","671"
Tenis,2022-08-02 09:20:20,false,"Las Condes Tenis","0.52","267","00:33:14","126","144","3.1","21","160","0.9","7.4","1","1","0.74","--","--","--","--","0.0","--","--","--","1,694","--","--","20.0","No","00:33:14","1","23.0","--","--","--","--","--","--","--","--","00:04:31","00:39:54","668","671"
Carrera,2022-08-02 08:48:17,false,"Las Condes Carrera","2.41","187","00:17:58","138","185","4.1","123","181","7:28","3:08","2","4","1.09","--","--","--","--","0.0","--","--","--","2,328","--","--","22.0","No","00:04:49.9","2","24.0","--","--","--","--","--","--","--","--","00:15:19","00:24:29","669","671"
Carrera,2022-05-24 20:52:46,false,"Las Condes - Entrenamiento: ejercicio","2.85","223","00:21:55","153","176","3.5","138","216","7:41","5:57","15","20","0.95","--","--","--","--","0.0","--","--","--","3,042","--","--","22.0","No","00:00:05.9","7","28.0","--","--","--","--","--","--","--","--","00:21:55","00:21:57","645","661"
Carrera,2022-05-23 20:53:01,false,"Las Condes - Carrera de referencia","1.30","100","00:09:00","158","178","3.1","135","152","6:54","4:49","20","13","1.05","--","--","--","--","0.0","--","--","--","1,222","--","--","22.0","No","00:02:00","3","28.0","--","--","--","--","--","--","--","--","00:08:58","00:09:00","650","664"
Ciclismo,2022-02-07 16:39:26,false,"Las Condes Ciclismo","9.43","391","01:04:28","119","146","3.0","--","--","8.8","18.7","54","51","--","--","--","--","--","0.0","--","--","--","--","--","--","32.0","No","00:13:57","2","38.0","--","--","--","--","--","--","--","--","00:49:59","02:06:10","849","898"
Senderismo,2022-01-30 13:48:43,false,"Machalí Senderismo","1.19","145","00:29:58","104","130","1.3","62","159","25:06","10:46","33","102","0.65","--","--","--","--","0.0","--","--","--","2,238","--","--","30.0","No","00:04:31.5","3","36.0","--","--","--","--","--","--","--","--","00:16:48","00:43:57","1,292","1,363"
Senderismo,2022-01-30 13:11:33,false,"Machalí Senderismo","0.96","169","00:21:35","122","143","2.4","71","159","22:33","8:05","69","7","0.62","--","--","--","--","0.0","--","--","--","1,528","--","--","30.0","No","00:21:35","1","32.0","--","--","--","--","--","--","--","--","00:12:40","00:21:35","1,304","1,367"
Ciclismo,2021-12-08 11:01:47,false,"Vitacura Ciclismo","3.41","182","00:18:51","132","148","2.7","--","--","10.9","30.5","32","1","--","--","--","--","--","0.0","--","--","--","--","--","--","31.0","No","00:00:03.4","3","35.0","--","--","--","--","--","--","--","--","00:16:59","00:18:51","751","784"
Senderismo,2021-10-16 09:23:27,false,"Las Condes Senderismo","6.64","700","01:51:11","123","165","3.2","89","219","16:44","7:21","240","292","0.67","--","--","--","--","0.0","--","--","--","10,744","--","--","23.0","No","01:51:11","1","34.0","--","--","--","--","--","--","--","--","01:35:45","02:15:33","932","1,225"
Ciclismo,2021-06-13 11:24:08,false,"Las Condes Ciclismo","2.40","141","00:16:25","117","132","1.6","--","--","8.8","15.5","--","16","--","--","--","--","--","0.0","--","--","--","--","--","--","23.0","No","00:16:25","1","30.0","--","--","--","--","--","--","--","--","00:14:39","00:16:25","683","702"
Ciclismo,2021-06-13 10:19:20,false,"Las Condes Ciclismo","4.14","233","00:22:11","135","176","3.1","--","--","11.2","19.3","54","7","--","--","--","--","--","0.0","--","--","--","--","--","--","23.0","No","00:22:11","1","30.0","--","--","--","--","--","--","--","--","00:19:18","00:49:25","680","734"
Ciclismo en sala,2021-05-12 21:43:02,false,"Ciclismo en sala","16.54","395","00:40:02","126","158","3.0","--","--","24.8","--","--","--","--","--","--","--","--","0.0","--","--","--","--","--","--","28.0","No","00:40:02","1","30.0","--","--","--","--","--","--","--","--","00:00:00","00:40:02","--","--"
Ciclismo en sala,2021-05-10 21:18:44,false,"Ciclismo en sala","16.50","279","00:40:11","107","146","2.1","--","--","24.6","--","--","--","--","--","--","--","--","0.0","--","--","--","--","--","--","26.0","No","00:40:11","1","29.0","--","--","--","--","--","--","--","--","00:00:00","00:40:11","--","--"
Ciclismo en sala,2021-05-08 20:51:32,false,"Ciclismo en sala","16.54","335","00:41:38","116","146","2.3","--","--","23.8","--","--","--","--","--","--","--","--","0.0","--","--","--","--","--","--","25.0","No","00:41:38","1","30.0","--","--","--","--","--","--","--","--","00:00:00","00:45:36","--","--"
Ciclismo en sala,2021-05-05 21:42:47,false,"Ciclismo en sala","16.54","396","00:40:03","125","154","3.0","--","--","24.8","--","--","--","--","--","--","--","--","0.0","--","--","--","--","--","--","25.0","No","00:40:03","1","28.0","--","--","--","--","--","--","--","--","00:00:00","00:40:03","--","--"
Ciclismo en sala,2021-05-03 21:23:15,false,"Ciclismo en sala","16.54","417","00:40:16","130","156","3.1","--","--","24.6","--","--","--","--","--","--","--","--","0.0","--","--","--","--","--","--","26.0","No","00:40:16","1","29.0","--","--","--","--","--","--","--","--","00:00:00","00:40:16","--","--"
Ciclismo en sala,2021-04-27 22:26:55,false,"Ciclismo en sala","16.54","438","00:40:04","133","161","3.3","--","--","24.8","--","--","--","--","--","--","--","--","0.0","--","--","--","--","--","--","27.0","No","00:40:04","1","30.0","--","--","--","--","--","--","--","--","00:00:00","00:40:04","--","--"
Ciclismo,2021-04-25 08:21:08,false,"Las Condes Ciclismo","10.11","437","00:50:19","125","156","2.6","--","--","12.1","23.2","53","48","--","--","--","--","--","0.0","--","--","--","--","--","--","21.0","No","00:09:26.8","2","32.0","--","--","--","--","--","--","--","--","00:43:45","01:52:30","619","655"
Ciclismo en sala,2021-04-24 20:29:22,false,"Ciclismo en sala","17.00","430","00:40:02","131","156","3.1","--","--","25.5","--","--","--","--","--","--","--","--","0.0","--","--","--","--","--","--","26.0","No","00:40:02","1","30.0","--","--","--","--","--","--","--","--","00:00:00","00:40:02","--","--"
Ciclismo en sala,2021-04-21 21:27:06,false,"Ciclismo en sala","16.54","399","00:40:37","124","152","3.0","--","--","24.4","--","--","--","--","--","--","--","--","0.0","--","--","--","--","--","--","27.0","No","00:40:37","1","30.0","--","--","--","--","--","--","--","--","00:00:00","00:40:37","--","--"
Ciclismo en sala,2021-04-19 21:25:38,false,"Ciclismo en sala","16.54","424","00:40:04","130","157","3.0","--","--","24.8","--","--","--","--","--","--","--","--","0.0","--","--","--","--","--","--","28.0","No","00:40:04","1","30.0","--","--","--","--","--","--","--","--","00:00:00","00:40:04","--","--"
Ciclismo,2021-04-18 08:30:52,false,"Vitacura Ciclismo","4.21","224","00:20:34","130","154","2.5","--","--","12.3","23.4","41","1","--","--","--","--","--","0.0","--","--","--","--","--","--","18.0","No","00:20:34","1","23.0","--","--","--","--","--","--","--","--","00:18:06","00:20:34","622","664"
Ciclismo,2021-04-18 07:35:20,false,"Las Condes Ciclismo","5.86","286","00:29:46","113","141","1.9","--","--","11.8","25.2","27","48","--","--","--","--","--","0.0","--","--","--","--","--","--","17.0","No","00:39:46","1","28.0","--","--","--","--","--","--","--","--","00:26:39","00:39:46","394","433"
Ciclismo en sala,2021-04-16 21:44:13,false,"Ciclismo en sala","16.54","452","00:40:55","134","163","3.3","--","--","24.3","--","--","--","--","--","--","--","--","0.0","--","--","--","--","--","--","29.0","No","00:40:55","1","31.0","--","--","--","--","--","--","--","--","00:00:00","00:40:55","--","--"
Ciclismo en sala,2021-04-12 22:13:07,false,"Ciclismo en sala","16.65","349","00:41:06","117","158","2.8","--","--","24.3","--","--","--","--","--","--","--","--","0.0","--","--","--","--","--","--","29.0","No","00:41:06","1","30.0","--","--","--","--","--","--","--","--","00:00:00","00:41:06","--","--"
Ciclismo,2021-04-11 08:21:25,false,"Las Condes Ciclismo","9.79","393","00:49:20","113","135","1.9","--","--","11.9","23.8","48","66","--","--","--","--","--","0.0","--","--","--","--","--","--","20.0","No","00:15:39","2","29.0","--","--","--","--","--","--","--","--","00:46:49","00:55:20","381","437"
Ciclismo,2021-04-11 08:00:57,false,"Las Condes Ciclismo","1.89","192","00:12:16","131","152","2.4","--","--","9.2","17.0","23","--","--","--","--","--","--","0.0","--","--","--","--","--","--","22.0","No","00:18:16","1","27.0","--","--","--","--","--","--","--","--","00:09:12","00:18:16","413","437"
Ciclismo en sala,2021-04-10 21:38:37,false,"Ciclismo en sala","17.18","315","00:42:23","110","151","2.3","--","--","24.3","--","--","--","--","--","--","--","--","0.0","--","--","--","--","--","--","26.0","No","00:42:23","1","29.0","--","--","--","--","--","--","--","--","00:00:00","00:42:23","--","--"
Ciclismo en sala,2021-04-07 21:48:37,false,"Ciclismo en sala","16.42","434","00:41:20","130","165","3.5","--","--","23.8","--","--","--","--","--","--","--","--","0.0","--","--","--","--","--","--","28.0","No","00:41:20","1","31.0","--","--","--","--","--","--","--","--","00:00:00","00:41:20","--","--"
Ciclismo en sala,2021-04-05 21:17:38,false,"Ciclismo en sala","16.89","339","00:41:17","114","143","2.5","--","--","24.5","--","--","--","--","--","--","--","--","0.0","--","--","--","--","--","--","27.0","No","00:41:17","1","30.0","--","--","--","--","--","--","--","--","00:00:00","00:41:17","--","--"
Ciclismo en sala,2021-04-03 21:46:52,false,"Ciclismo en sala","15.99","349","00:40:50","116","148","2.6","--","--","23.5","--","--","--","--","--","--","--","--","0.0","--","--","--","--","--","--","28.0","No","00:40:50","1","31.0","--","--","--","--","--","--","--","--","00:00:00","00:41:48","--","--"
Ciclismo en sala,2021-03-31 22:35:18,false,"Ciclismo en sala","16.79","480","00:40:54","138","162","3.4","--","--","24.6","--","--","--","--","--","--","--","--","0.0","--","--","--","--","--","--","29.0","No","00:40:54","1","32.0","--","--","--","--","--","--","--","--","00:00:00","00:40:54","--","--"
Ciclismo en sala,2021-03-29 21:50:15,false,"Ciclismo en sala","16.06","469","00:41:36","136","166","3.6","--","--","23.2","--","--","--","--","--","--","--","--","0.0","--","--","--","--","--","--","29.0","No","00:41:36","1","31.0","--","--","--","--","--","--","--","--","00:00:00","00:41:36","--","--"
Ciclismo en sala,2021-03-27 21:46:37,false,"Ciclismo en sala","15.24","457","00:40:54","134","157","3.5","--","--","22.4","--","--","--","--","--","--","--","--","0.0","--","--","--","--","--","--","28.0","No","00:40:54","1","30.0","--","--","--","--","--","--","--","--","00:00:00","00:40:54","--","--"
Ciclismo en sala,2021-03-24 21:56:20,false,"Ciclismo en sala","15.22","473","00:41:02","138","170","3.6","--","--","22.3","--","--","--","--","--","--","--","--","0.0","--","--","--","--","--","--","29.0","No","00:41:02","1","31.0","--","--","--","--","--","--","--","--","00:00:00","00:41:03","--","--"
Ciclismo en sala,2021-03-22 21:56:16,false,"Ciclismo en sala","14.67","451","00:40:54","133","167","3.5","--","--","21.5","--","--","--","--","--","--","--","--","0.0","--","--","--","--","--","--","27.0","No","00:40:54","1","31.0","--","--","--","--","--","--","--","--","00:00:00","00:40:54","--","--"
Ciclismo en sala,2021-03-20 20:40:50,false,"Ciclismo en sala","16.42","462","00:40:45","136","174","3.6","--","--","24.2","--","--","--","--","--","--","--","--","0.0","--","--","--","--","--","--","27.0","No","00:40:45","1","30.0","--","--","--","--","--","--","--","--","00:00:00","00:40:45","--","--"
Ciclismo en sala,2021-03-17 21:30:12,false,"Ciclismo en sala","15.41","455","00:40:52","133","162","3.2","--","--","22.6","--","--","--","--","--","--","--","--","0.0","--","--","--","--","--","--","29.0","No","00:40:52","1","31.0","--","--","--","--","--","--","--","--","00:00:00","00:40:52","--","--"
Ciclismo en sala,2021-03-15 22:15:05,false,"Ciclismo en sala","16.10","396","00:40:56","124","158","2.9","--","--","23.6","--","--","--","--","--","--","--","--","0.0","--","--","--","--","--","--","29.0","No","00:40:56","1","30.0","--","--","--","--","--","--","--","--","00:00:00","00:40:56","--","--"
Cardio,2021-03-13 21:44:23,false,"Cardio","0.00","365","00:40:01","121","149","2.5","--","--","--","--","--","--","--","--","--","--","--","0.0","--","--","--","--","--","1","30.0","No","00:16:29","2","32.0","--","--","--","--","--","--","--","--","00:00:00","00:42:20","629","635"
Carrera,2021-02-24 21:14:18,false,"Las Condes Carrera","2.01","187","00:13:41","158","177","3.0","138","202","6:49","6:00","11","12","1.06","--","--","--","--","0.0","--","--","--","1,918","--","--","27.0","No","00:02:36.8","2","31.0","--","--","--","--","--","--","--","--","00:13:16","00:14:21","647","658"
Ciclismo,2021-02-16 19:11:52,false,"Machalí Ciclismo","14.83","669","01:08:03","131","166","3.1","--","--","13.1","39.9","146","145","--","--","--","--","--","0.0","--","--","--","--","--","--","19.0","No","00:29:27","2","27.0","--","--","--","--","--","--","--","--","01:05:39","01:10:34","984","1,052"
Natación en piscina,2021-02-09 17:38:45,false,"Natación en piscina","64","18","00:01:12.5","123","150","0.2","--","--","1:53","1:29","--","--","--","--","--","--","--","0.0","35","27","29","--","--","--","26.0","No","00:01:12.5","1","27.0","--","--","--","--","--","--","--","--","00:01:12.5","00:11:57","--","--"
Natación en piscina,2021-02-07 16:54:26,false,"Natación en piscina","368","95","00:08:19.9","132","159","2.0","--","--","1:58","1:13","--","--","--","--","--","--","--","0.0","209","28","29","--","--","--","24.0","No","00:01:38.6","3","26.0","--","--","--","--","--","--","--","--","00:07:13.3","00:09:30.4","--","--"
Cardio,2021-02-06 10:22:40,false,"Machalí Cardio","1.58","598","00:47:51","144","173","3.5","--","--","2.0","16.4","10","4","--","--","--","--","--","0.0","--","--","--","--","--","--","21.0","No","00:47:51","1","25.0","--","--","--","--","--","--","--","--","00:16:06","00:47:51","560","566"
Ciclismo,2021-02-05 09:59:22,false,"Machalí Ciclismo","3.31","169","00:32:29","94","124","0.8","--","--","6.1","12.4","31","55","--","--","--","--","--","0.0","--","--","--","--","--","--","23.0","No","00:12:16","2","28.0","--","--","--","--","--","--","--","--","00:30:38","00:32:51","556","587"
Natación en piscina,2021-02-04 16:38:15,false,"Natación en piscina","208","54","00:06:22.7","123","147","1.2","--","--","2:23","1:38","--","--","--","--","--","--","--","0.0","132","33","27","--","--","--","25.0","No","00:01:12.0","4","29.0","--","--","--","--","--","--","--","--","00:04:57.0","00:22:26","--","--"
Ciclismo en sala,2021-02-02 22:46:05,false,"Ciclismo en sala","0.00","265","00:28:36","119","139","2.0","--","--","--","--","--","--","--","--","--","--","--","0.0","--","--","--","--","--","--","30.0","No","00:28:36","1","31.0","--","--","--","--","--","--","--","--","00:00:00","00:28:36","--","--"
Caminar,2021-01-27 19:16:05,false,"Las Condes Caminar","3.15","255","00:56:01","93","112","0.4","21","157","17:47","11:06","15","22","2.77","--","--","--","--","0.0","--","--","--","1,684","--","--","29.0","No","00:27:50","2","31.0","--","--","--","--","--","--","--","--","00:34:58","00:56:01","649","670"
Caminar,2021-01-25 18:59:16,false,"Las Condes Caminar","2.72","249","00:54:08","94","126","0.4","10","159","19:55","0:40","10","14","4.86","--","--","--","--","0.0","--","--","--","926","--","--","30.0","No","00:20:21","2","33.0","--","--","--","--","--","--","--","--","00:27:28","00:54:08","650","665"
